Aircraft_Group,Aircraft_Type,Aircraft_Config,LineNUM
6,694,1,1
6,698,1,2
6,698,1,3
6,646,1,4
6,675,1,5
6,675,1,6
6,675,1,7
6,675,1,8
6,675,1,9
6,675,1,10
6,635,2,11
6,635,2,12
6,622,1,13
6,622,1,14
6,684,1,15
6,684,1,16
6,684,1,17
6,684,1,18
6,699,1,19
6,699,1,20
6,622,1,21
6,698,1,22
6,699,1,23
6,622,1,24
6,694,1,25
6,608,1,26
6,698,1,27
6,699,1,28
6,622,1,29
6,622,1,30
6,655,1,31
6,656,1,32
6,656,1,33
6,656,1,34
6,622,1,35
6,655,1,36
6,622,1,37
6,656,1,38
6,622,1,39
6,622,1,40
6,614,1,41
6,614,1,42
6,614,1,43
6,698,1,44
6,614,1,45
6,614,1,46
6,698,1,47
6,634,1,48
6,614,1,49
6,634,1,50
8,887,1,51
6,612,1,52
6,612,1,53
6,614,1,54
6,612,1,55
6,612,1,56
6,614,1,57
6,614,1,58
6,612,1,59
6,612,1,60
6,612,1,61
6,614,1,62
6,612,1,63
6,614,1,64
5,515,1,65
5,515,1,66
6,688,1,67
5,515,1,68
6,688,1,69
5,515,1,70
6,625,1,71
6,617,1,72
6,617,1,73
6,617,1,74
6,617,1,75
6,617,1,76
6,617,1,77
6,617,1,78
6,617,1,79
6,617,1,80
6,635,2,81
6,635,2,82
6,669,1,83
6,669,1,84
6,614,1,85
6,614,1,86
6,614,1,87
6,614,1,88
6,614,1,89
6,614,1,90
6,614,1,91
6,614,1,92
6,681,2,93
6,681,2,94
6,617,2,95
6,617,2,96
6,634,1,97
6,634,1,98
6,675,1,99
6,675,1,100
4,456,1,101
4,456,1,102
4,456,1,103
4,456,1,104
4,456,1,105
4,456,1,106
4,456,1,107
4,456,1,108
4,456,1,109
4,456,1,110
4,456,1,111
4,456,1,112
4,456,1,113
4,405,1,114
4,405,1,115
4,479,1,116
6,675,1,117
6,675,1,118
6,675,1,119
6,675,1,120
6,698,1,121
6,698,1,122
6,614,1,123
6,614,1,124
6,655,1,125
6,699,1,126
6,699,1,127
6,614,1,128
6,699,1,129
6,614,1,130
6,614,1,131
6,699,1,132
6,614,1,133
6,608,1,134
6,608,1,135
6,694,1,136
6,614,1,137
6,614,1,138
6,608,1,139
6,694,1,140
6,631,1,141
6,631,1,142
6,629,1,143
6,629,1,144
6,629,1,145
6,629,1,146
6,629,1,147
6,673,1,148
6,631,1,149
6,631,1,150
6,673,1,151
6,673,1,152
6,629,1,153
6,629,1,154
6,631,1,155
6,673,1,156
6,673,1,157
6,631,1,158
6,631,1,159
6,631,1,160
6,631,1,161
6,673,1,162
6,629,1,163
6,673,1,164
6,629,1,165
6,629,1,166
6,631,1,167
6,631,1,168
6,673,1,169
6,673,1,170
6,631,1,171
6,629,1,172
6,631,1,173
6,673,1,174
6,631,1,175
6,673,1,176
6,631,1,177
6,629,1,178
6,673,1,179
6,673,1,180
6,629,1,181
6,631,1,182
6,673,1,183
6,629,1,184
6,631,1,185
6,631,1,186
6,694,1,187
6,614,1,188
6,698,1,189
6,694,1,190
6,694,1,191
6,634,1,192
6,694,1,193
6,694,1,194
6,694,1,195
6,698,1,196
6,698,1,197
6,624,1,198
6,626,1,199
6,698,1,200
6,614,1,201
6,698,1,202
6,698,1,203
6,694,1,204
6,614,1,205
6,694,1,206
6,614,1,207
6,698,1,208
6,614,1,209
6,698,1,210
6,614,1,211
6,624,1,212
6,622,1,213
6,626,1,214
6,614,1,215
6,622,1,216
6,614,1,217
6,634,1,218
6,694,1,219
6,614,1,220
6,694,1,221
6,694,1,222
6,622,1,223
6,637,1,224
6,614,1,225
6,614,1,226
6,698,1,227
6,614,1,228
6,619,1,229
6,619,1,230
6,619,1,231
6,619,1,232
6,619,1,233
6,619,1,234
6,619,1,235
6,619,1,236
6,619,1,237
6,619,1,238
6,614,1,239
6,619,1,240
6,619,1,241
6,619,1,242
6,614,1,243
6,619,1,244
6,619,1,245
6,614,1,246
6,619,1,247
6,673,1,248
6,673,1,249
6,673,1,250
6,673,1,251
6,677,1,252
6,677,1,253
6,673,1,254
6,673,1,255
6,677,1,256
6,673,1,257
6,673,1,258
6,698,1,259
6,698,1,260
6,698,1,261
6,694,1,262
6,698,1,263
6,694,1,264
6,698,1,265
6,694,1,266
6,694,1,267
6,698,1,268
6,694,1,269
6,694,1,270
6,694,1,271
6,698,1,272
6,694,1,273
6,694,1,274
6,698,1,275
6,694,1,276
6,694,1,277
6,694,1,278
6,694,1,279
6,694,1,280
6,694,1,281
6,694,1,282
6,691,2,283
7,730,2,284
6,691,2,285
6,691,2,286
6,691,2,287
6,691,2,288
6,691,2,289
7,730,2,290
7,740,2,291
6,691,2,292
7,740,2,293
6,698,1,294
6,698,1,295
6,638,1,296
6,675,1,297
6,675,1,298
6,675,1,299
6,675,1,300
6,675,1,301
4,405,1,302
4,405,1,303
6,675,1,304
6,675,1,305
6,675,1,306
6,675,1,307
6,622,2,308
6,691,2,309
6,622,2,310
6,622,2,311
6,691,2,312
6,694,1,313
6,699,1,314
6,694,1,315
6,698,1,316
8,888,1,317
6,614,1,318
6,631,1,319
6,631,1,320
6,631,1,321
6,631,1,322
6,673,1,323
6,673,1,324
6,673,1,325
6,673,1,326
6,629,1,327
6,631,1,328
6,673,1,329
6,631,1,330
6,673,1,331
6,631,1,332
6,673,1,333
6,631,1,334
6,694,1,335
6,694,1,336
6,614,1,337
6,694,1,338
6,698,1,339
6,614,1,340
6,694,1,341
6,614,1,342
6,614,1,343
6,694,1,344
6,698,1,345
6,694,1,346
6,614,1,347
6,698,1,348
6,694,1,349
6,694,1,350
6,614,1,351
6,698,1,352
6,698,1,353
6,694,1,354
6,619,1,355
6,614,1,356
6,619,1,357
6,619,1,358
6,619,1,359
6,619,1,360
6,619,1,361
6,619,1,362
6,619,1,363
6,619,1,364
6,619,1,365
6,619,1,366
6,619,1,367
6,673,1,368
6,673,1,369
6,673,1,370
6,677,1,371
6,673,1,372
6,677,1,373
6,698,1,374
6,694,1,375
6,694,1,376
6,694,1,377
6,698,1,378
6,694,1,379
6,694,1,380
6,622,2,381
6,691,2,382
6,638,1,383
6,638,1,384
6,622,2,385
6,614,1,386
6,631,1,387
6,631,1,388
6,631,1,389
6,631,1,390
6,631,1,391
6,631,1,392
6,631,1,393
6,629,1,394
6,631,1,395
6,629,1,396
6,631,1,397
6,673,1,398
6,673,1,399
6,631,1,400
6,629,1,401
6,629,1,402
6,629,1,403
6,631,1,404
6,629,1,405
6,631,1,406
6,631,1,407
6,631,1,408
6,629,1,409
6,631,1,410
6,629,1,411
6,629,1,412
6,629,1,413
6,631,1,414
6,631,1,415
6,614,1,416
6,698,1,417
6,614,1,418
6,698,1,419
6,698,1,420
6,634,1,421
6,694,1,422
6,614,1,423
6,698,1,424
6,694,1,425
6,614,1,426
6,619,1,427
6,614,1,428
6,619,1,429
6,612,1,430
6,614,1,431
6,619,1,432
6,619,1,433
6,619,1,434
6,614,1,435
6,619,1,436
6,619,1,437
6,619,1,438
6,612,1,439
6,614,1,440
6,619,1,441
6,619,1,442
6,619,1,443
6,619,1,444
6,619,1,445
6,619,1,446
6,619,1,447
6,619,1,448
6,619,1,449
6,614,1,450
6,673,1,451
6,673,1,452
6,677,1,453
6,673,1,454
6,673,1,455
6,677,1,456
6,677,1,457
6,673,1,458
6,677,1,459
6,677,1,460
6,673,1,461
6,673,1,462
6,677,1,463
6,677,1,464
6,677,1,465
6,677,1,466
6,677,1,467
6,698,1,468
6,698,1,469
6,699,1,470
6,699,1,471
6,694,1,472
6,675,1,473
6,675,1,474
6,675,1,475
6,675,1,476
6,675,1,477
6,675,1,478
6,675,1,479
6,675,1,480
6,675,1,481
6,622,2,482
6,673,1,483
6,673,1,484
6,655,1,485
6,655,1,486
6,631,1,487
6,631,1,488
6,631,1,489
6,631,1,490
6,629,1,491
6,673,1,492
6,673,1,493
6,631,1,494
6,631,1,495
6,629,1,496
6,631,1,497
6,629,1,498
6,673,1,499
6,673,1,500
6,629,1,501
6,631,1,502
6,698,1,503
6,634,1,504
6,694,1,505
6,614,1,506
6,694,1,507
6,698,1,508
6,694,1,509
6,634,1,510
6,614,1,511
6,614,1,512
6,694,1,513
6,614,1,514
6,694,1,515
6,622,1,516
6,614,1,517
6,698,1,518
6,614,1,519
6,698,1,520
6,634,1,521
6,637,1,522
6,634,1,523
6,694,1,524
6,622,1,525
6,614,1,526
6,634,1,527
6,614,1,528
6,614,1,529
6,619,1,530
6,614,1,531
6,619,1,532
6,619,1,533
6,614,1,534
6,619,1,535
6,619,1,536
6,612,1,537
6,614,1,538
6,619,1,539
6,619,1,540
6,673,1,541
6,677,1,542
6,677,1,543
6,673,1,544
6,694,1,545
6,698,1,546
6,694,1,547
6,698,1,548
6,614,1,549
6,675,1,550
6,675,1,551
6,631,1,552
6,631,1,553
6,691,2,554
6,691,2,555
6,626,2,556
6,626,2,557
6,631,1,558
6,631,1,559
6,631,1,560
6,629,1,561
6,673,1,562
6,629,1,563
6,673,1,564
6,631,1,565
6,631,1,566
6,673,1,567
6,629,1,568
6,631,1,569
6,631,1,570
6,629,1,571
6,629,1,572
6,631,1,573
6,631,1,574
6,673,1,575
6,629,1,576
6,631,1,577
6,694,1,578
6,634,1,579
6,698,1,580
6,694,1,581
6,634,1,582
6,698,1,583
6,627,1,584
6,698,1,585
6,694,1,586
6,694,1,587
6,694,1,588
6,694,1,589
6,698,1,590
6,614,1,591
6,698,1,592
6,634,1,593
6,634,1,594
6,694,1,595
6,614,1,596
6,698,1,597
6,698,1,598
6,698,1,599
6,619,1,600
6,612,1,601
6,619,1,602
6,619,1,603
6,619,1,604
6,612,1,605
6,614,1,606
6,614,1,607
6,619,1,608
6,677,1,609
6,699,1,610
6,699,1,611
6,614,1,612
6,675,1,613
4,405,1,614
4,405,1,615
6,631,1,616
6,631,1,617
6,631,1,618
6,631,1,619
6,631,1,620
6,673,1,621
6,673,1,622
6,673,1,623
6,629,1,624
6,673,1,625
6,631,1,626
6,631,1,627
6,673,1,628
6,631,1,629
6,631,1,630
6,673,1,631
6,631,1,632
6,629,1,633
6,631,1,634
6,631,1,635
6,634,1,636
6,634,1,637
6,694,1,638
6,614,1,639
6,694,1,640
6,694,1,641
6,694,1,642
6,627,1,643
6,614,1,644
6,698,1,645
6,694,1,646
6,694,1,647
6,694,1,648
6,612,1,649
6,614,1,650
6,614,1,651
6,619,1,652
6,614,1,653
6,614,1,654
6,614,1,655
6,614,1,656
6,677,1,657
6,677,1,658
6,677,1,659
6,677,1,660
6,677,1,661
6,622,2,662
6,626,2,663
7,730,2,664
6,622,2,665
7,730,2,666
6,675,1,667
6,655,1,668
6,655,1,669
6,631,1,670
6,631,1,671
6,631,1,672
6,673,1,673
6,673,1,674
6,631,1,675
6,673,1,676
6,673,1,677
6,614,1,678
6,698,1,679
6,698,1,680
6,614,1,681
6,698,1,682
6,698,1,683
6,634,1,684
6,634,1,685
6,698,1,686
6,634,1,687
6,698,1,688
6,698,1,689
6,634,1,690
6,634,1,691
6,634,1,692
6,694,1,693
6,634,1,694
6,614,1,695
6,698,1,696
6,694,1,697
6,619,1,698
6,614,1,699
6,614,1,700
6,612,1,701
6,614,1,702
6,612,1,703
6,619,1,704
6,675,1,705
6,675,1,706
6,675,1,707
7,740,2,708
7,740,2,709
6,694,1,710
6,694,1,711
6,631,1,712
6,631,1,713
6,631,1,714
6,631,1,715
6,698,1,716
6,698,1,717
6,694,1,718
6,694,1,719
6,614,1,720
6,698,1,721
6,694,1,722
6,634,1,723
6,634,1,724
6,694,1,725
6,698,1,726
6,694,1,727
6,634,1,728
6,614,1,729
6,619,1,730
6,619,1,731
6,619,1,732
6,619,1,733
6,619,1,734
6,619,1,735
6,619,1,736
6,614,1,737
6,677,1,738
6,698,1,739
6,698,1,740
7,740,2,741
6,675,1,742
6,675,1,743
6,675,1,744
6,698,1,745
6,698,1,746
6,655,1,747
6,698,1,748
6,655,1,749
6,698,1,750
6,675,1,751
6,675,1,752
6,629,1,753
6,673,1,754
6,629,1,755
6,631,1,756
6,673,1,757
6,631,1,758
6,673,1,759
6,694,1,760
6,694,1,761
6,614,1,762
6,694,1,763
6,694,1,764
6,694,1,765
6,694,1,766
6,619,1,767
6,614,1,768
6,614,1,769
6,614,1,770
6,619,1,771
6,698,1,772
6,622,2,773
6,673,1,774
6,629,1,775
6,673,1,776
6,673,1,777
6,629,1,778
6,694,1,779
6,694,1,780
6,694,1,781
6,614,1,782
6,698,1,783
6,694,1,784
6,694,1,785
6,634,1,786
6,634,1,787
6,698,1,788
6,612,1,789
6,619,1,790
6,614,1,791
6,612,1,792
6,619,1,793
6,612,1,794
6,619,1,795
6,677,1,796
6,698,1,797
6,698,1,798
6,698,1,799
6,691,2,800
6,626,2,801
6,675,1,802
6,675,1,803
4,405,1,804
4,405,1,805
4,479,1,806
4,479,1,807
6,698,1,808
6,629,1,809
6,614,1,810
6,694,1,811
6,694,1,812
6,614,1,813
6,634,1,814
6,634,1,815
6,614,1,816
6,614,1,817
6,614,1,818
6,619,1,819
6,614,1,820
6,619,1,821
6,698,1,822
6,698,1,823
6,675,1,824
6,694,1,825
6,694,1,826
6,631,1,827
6,631,1,828
6,629,1,829
6,694,1,830
6,698,1,831
6,614,1,832
6,694,1,833
6,614,1,834
6,634,1,835
6,694,1,836
6,619,1,837
6,622,2,838
6,675,1,839
6,698,1,840
6,698,1,841
6,698,1,842
6,631,1,843
6,629,1,844
6,694,1,845
6,614,1,846
6,614,1,847
6,614,1,848
6,614,1,849
6,694,1,850
6,634,1,851
6,698,1,852
6,694,1,853
6,698,1,854
6,694,1,855
6,698,1,856
6,694,1,857
6,698,1,858
6,698,1,859
6,698,1,860
6,698,1,861
6,622,2,862
6,629,1,863
6,694,1,864
6,614,1,865
6,614,1,866
6,614,1,867
6,698,1,868
6,614,1,869
6,614,1,870
6,614,1,871
6,619,1,872
6,614,1,873
6,699,1,874
6,699,1,875
6,673,1,876
6,629,1,877
6,673,1,878
6,614,1,879
6,614,1,880
6,634,1,881
6,614,1,882
6,677,1,883
6,694,1,884
6,694,1,885
7,732,2,886
6,675,1,887
6,675,1,888
6,675,1,889
6,673,1,890
6,673,1,891
8,888,1,892
6,629,1,893
6,614,1,894
6,694,1,895
6,698,1,896
6,614,1,897
6,614,1,898
6,677,1,899
6,694,1,900
6,694,1,901
6,698,1,902
6,698,1,903
6,698,1,904
6,698,1,905
6,622,2,906
6,622,2,907
6,622,2,908
7,732,2,909
6,622,2,910
6,675,1,911
6,675,1,912
4,458,1,913
4,458,1,914
6,622,1,915
6,622,1,916
6,631,1,917
6,673,1,918
6,631,1,919
6,673,1,920
6,631,1,921
6,673,1,922
6,698,1,923
6,634,1,924
6,634,1,925
6,634,1,926
6,694,1,927
6,698,1,928
6,614,1,929
6,634,1,930
6,634,1,931
6,619,1,932
6,698,1,933
6,694,1,934
6,698,1,935
6,694,1,936
6,675,1,937
6,631,1,938
6,673,1,939
6,631,1,940
6,673,1,941
6,631,1,942
6,634,1,943
6,614,1,944
6,698,1,945
6,698,1,946
6,634,1,947
6,614,1,948
6,698,1,949
6,694,1,950
6,694,1,951
6,694,1,952
6,634,1,953
6,614,1,954
6,677,1,955
6,675,1,956
6,675,1,957
6,675,1,958
6,691,2,959
6,691,2,960
6,691,2,961
6,691,2,962
6,691,2,963
6,631,1,964
6,631,1,965
6,673,1,966
6,698,1,967
6,698,1,968
6,698,1,969
6,698,1,970
6,634,1,971
6,614,1,972
6,698,1,973
6,634,1,974
8,889,1,975
6,698,1,976
6,614,1,977
6,698,1,978
8,889,1,979
6,694,1,980
6,677,1,981
6,677,1,982
6,677,1,983
6,677,1,984
6,677,1,985
6,698,1,986
6,622,2,987
6,622,2,988
6,691,2,989
6,631,1,990
6,631,1,991
6,631,1,992
6,631,1,993
6,673,1,994
6,673,1,995
6,629,1,996
6,631,1,997
6,673,1,998
6,673,1,999
6,631,1,1000
6,694,1,1001
6,694,1,1002
6,694,1,1003
6,694,1,1004
6,698,1,1005
6,614,1,1006
6,698,1,1007
6,694,1,1008
6,694,1,1009
6,694,1,1010
6,694,1,1011
6,694,1,1012
6,614,1,1013
6,694,1,1014
6,694,1,1015
6,698,1,1016
8,888,1,1017
6,631,1,1018
6,629,1,1019
6,673,1,1020
6,629,1,1021
6,631,1,1022
6,614,1,1023
6,694,1,1024
6,614,1,1025
6,698,1,1026
6,694,1,1027
6,698,1,1028
6,634,1,1029
6,634,1,1030
6,698,1,1031
6,698,1,1032
6,698,1,1033
6,698,1,1034
6,694,1,1035
6,694,1,1036
6,614,1,1037
6,612,1,1038
6,614,1,1039
6,614,1,1040
6,614,1,1041
6,677,1,1042
4,416,2,1043
4,416,2,1044
6,631,1,1045
6,631,1,1046
6,631,1,1047
6,631,1,1048
6,673,1,1049
6,629,1,1050
6,631,1,1051
6,673,1,1052
6,698,1,1053
6,694,1,1054
6,698,1,1055
6,698,1,1056
6,627,1,1057
6,694,1,1058
6,694,1,1059
6,698,1,1060
6,694,1,1061
6,694,1,1062
6,698,1,1063
6,634,1,1064
6,698,1,1065
6,612,1,1066
6,614,1,1067
6,614,1,1068
6,677,1,1069
6,694,1,1070
6,694,1,1071
4,416,2,1072
6,622,2,1073
4,416,2,1074
4,416,2,1075
6,622,2,1076
6,691,2,1077
6,631,1,1078
6,631,1,1079
6,631,1,1080
6,629,1,1081
6,673,1,1082
6,673,1,1083
6,673,1,1084
6,629,1,1085
6,673,1,1086
6,673,1,1087
6,673,1,1088
6,673,1,1089
6,673,1,1090
6,629,1,1091
6,629,1,1092
6,631,1,1093
6,634,1,1094
6,634,1,1095
6,698,1,1096
6,694,1,1097
6,698,1,1098
6,634,1,1099
6,614,1,1100
6,627,1,1101
6,612,1,1102
6,614,1,1103
6,612,1,1104
6,614,1,1105
6,614,1,1106
6,614,1,1107
6,677,1,1108
6,677,1,1109
6,675,1,1110
6,675,1,1111
6,675,1,1112
6,675,1,1113
6,608,1,1114
6,608,1,1115
6,631,1,1116
6,631,1,1117
6,629,1,1118
6,629,1,1119
6,631,1,1120
6,629,1,1121
6,614,1,1122
6,634,1,1123
6,694,1,1124
6,614,1,1125
6,634,1,1126
6,694,1,1127
6,622,1,1128
6,622,1,1129
6,614,1,1130
6,634,1,1131
6,694,1,1132
6,698,1,1133
6,622,1,1134
6,622,1,1135
6,698,1,1136
6,614,1,1137
6,612,1,1138
6,612,1,1139
6,614,1,1140
6,614,1,1141
6,677,1,1142
6,677,1,1143
6,677,1,1144
6,677,1,1145
6,694,1,1146
6,694,1,1147
4,416,2,1148
6,675,1,1149
4,479,1,1150
6,631,1,1151
6,673,1,1152
6,631,1,1153
6,614,1,1154
6,698,1,1155
6,614,1,1156
6,614,1,1157
6,698,1,1158
6,698,1,1159
6,614,1,1160
6,614,1,1161
6,698,1,1162
6,614,1,1163
6,614,1,1164
6,677,1,1165
6,698,1,1166
6,698,1,1167
6,698,1,1168
6,698,1,1169
6,698,1,1170
4,416,2,1171
6,631,1,1172
6,631,1,1173
6,631,1,1174
6,673,1,1175
6,631,1,1176
6,673,1,1177
6,631,1,1178
6,629,1,1179
6,673,1,1180
6,629,1,1181
6,673,1,1182
6,629,1,1183
6,698,1,1184
6,634,1,1185
6,694,1,1186
6,614,1,1187
6,612,1,1188
6,612,1,1189
6,612,1,1190
6,614,1,1191
6,698,1,1192
6,694,1,1193
6,698,1,1194
6,694,1,1195
6,698,1,1196
4,416,2,1197
6,612,1,1198
6,612,1,1199
6,675,1,1200
6,675,1,1201
6,675,1,1202
4,479,1,1203
4,479,1,1204
4,479,1,1205
6,631,1,1206
6,631,1,1207
6,631,1,1208
6,631,1,1209
6,673,1,1210
6,629,1,1211
6,673,1,1212
6,673,1,1213
6,629,1,1214
6,634,1,1215
6,634,1,1216
6,614,1,1217
6,698,1,1218
6,698,1,1219
6,614,1,1220
6,612,1,1221
6,614,1,1222
6,614,1,1223
6,614,1,1224
6,614,1,1225
6,677,1,1226
6,677,1,1227
7,740,2,1228
6,614,1,1229
6,698,1,1230
6,622,1,1231
6,614,1,1232
6,699,1,1233
6,698,1,1234
6,694,1,1235
6,631,1,1236
6,631,1,1237
6,631,1,1238
6,673,1,1239
6,629,1,1240
6,629,1,1241
6,614,1,1242
6,634,1,1243
6,634,1,1244
6,614,1,1245
6,698,1,1246
6,698,1,1247
6,694,1,1248
6,698,1,1249
6,698,1,1250
6,694,1,1251
6,699,1,1252
6,699,1,1253
6,694,1,1254
6,638,1,1255
6,675,1,1256
6,675,1,1257
6,614,1,1258
6,699,1,1259
6,622,1,1260
6,631,1,1261
6,629,1,1262
6,631,1,1263
6,634,1,1264
6,634,1,1265
6,627,1,1266
6,698,1,1267
8,887,1,1268
6,627,1,1269
6,612,1,1270
6,614,1,1271
6,614,1,1272
6,612,1,1273
6,677,1,1274
6,694,1,1275
6,694,1,1276
6,694,1,1277
6,698,1,1278
6,698,1,1279
6,698,1,1280
6,694,1,1281
6,694,1,1282
6,694,1,1283
6,694,1,1284
6,694,1,1285
6,694,1,1286
6,694,1,1287
6,694,1,1288
6,638,1,1289
6,638,1,1290
6,638,1,1291
6,614,1,1292
6,614,1,1293
6,675,1,1294
6,675,1,1295
6,699,1,1296
6,699,1,1297
6,694,1,1298
6,694,1,1299
6,694,1,1300
6,631,1,1301
6,631,1,1302
6,629,1,1303
6,631,1,1304
6,629,1,1305
6,673,1,1306
6,631,1,1307
6,629,1,1308
6,629,1,1309
6,631,1,1310
6,629,1,1311
6,627,1,1312
6,634,1,1313
6,627,1,1314
8,887,1,1315
6,698,1,1316
6,634,1,1317
6,634,1,1318
6,612,1,1319
6,614,1,1320
6,612,1,1321
6,612,1,1322
6,677,1,1323
6,699,1,1324
6,699,1,1325
6,698,1,1326
6,694,1,1327
6,698,1,1328
6,698,1,1329
6,694,1,1330
6,698,1,1331
6,699,1,1332
6,699,1,1333
6,698,1,1334
6,698,1,1335
6,698,1,1336
6,699,1,1337
6,694,1,1338
6,699,1,1339
6,694,1,1340
6,694,1,1341
6,694,1,1342
6,699,1,1343
6,694,1,1344
6,698,1,1345
6,694,1,1346
6,694,1,1347
6,699,1,1348
6,699,1,1349
6,699,1,1350
6,698,1,1351
6,698,1,1352
6,699,1,1353
6,694,1,1354
6,698,1,1355
6,699,1,1356
6,694,1,1357
6,694,1,1358
6,694,1,1359
6,699,1,1360
6,694,1,1361
6,698,1,1362
6,698,1,1363
6,694,1,1364
6,699,1,1365
6,699,1,1366
6,699,1,1367
6,699,1,1368
6,698,1,1369
6,694,1,1370
6,698,1,1371
6,694,1,1372
6,698,1,1373
6,634,1,1374
6,634,1,1375
6,675,1,1376
6,675,1,1377
6,699,1,1378
6,673,1,1379
6,673,1,1380
6,629,1,1381
6,673,1,1382
6,629,1,1383
6,673,1,1384
6,673,1,1385
6,698,1,1386
6,694,1,1387
6,614,1,1388
6,694,1,1389
6,694,1,1390
6,634,1,1391
6,612,1,1392
6,698,1,1393
6,699,1,1394
6,694,1,1395
6,694,1,1396
6,694,1,1397
6,675,1,1398
6,675,1,1399
6,626,2,1400
6,699,1,1401
6,699,1,1402
6,694,1,1403
6,694,1,1404
6,631,1,1405
6,631,1,1406
6,694,1,1407
6,634,1,1408
6,698,1,1409
6,614,1,1410
6,614,1,1411
6,614,1,1412
6,612,1,1413
6,614,1,1414
6,612,1,1415
6,677,1,1416
6,698,1,1417
6,698,1,1418
6,626,2,1419
6,629,1,1420
6,673,1,1421
6,634,1,1422
6,698,1,1423
6,614,1,1424
6,614,1,1425
6,612,1,1426
6,677,1,1427
6,694,1,1428
6,694,1,1429
7,740,2,1430
6,675,1,1431
6,675,1,1432
6,614,1,1433
6,629,1,1434
6,698,1,1435
6,694,1,1436
6,634,1,1437
6,614,1,1438
6,694,1,1439
6,675,1,1440
8,888,1,1441
6,629,1,1442
6,673,1,1443
6,694,1,1444
6,698,1,1445
6,694,1,1446
6,698,1,1447
6,634,1,1448
6,698,1,1449
6,614,1,1450
6,614,1,1451
6,612,1,1452
6,612,1,1453
6,614,1,1454
6,614,1,1455
6,694,1,1456
6,626,2,1457
6,626,2,1458
6,675,1,1459
6,675,1,1460
6,675,1,1461
8,888,1,1462
6,631,1,1463
6,629,1,1464
6,629,1,1465
6,629,1,1466
6,629,1,1467
6,614,1,1468
6,694,1,1469
6,614,1,1470
6,677,1,1471
6,675,1,1472
6,691,2,1473
8,888,1,1474
6,698,1,1475
6,698,1,1476
6,631,1,1477
6,629,1,1478
6,634,1,1479
6,634,1,1480
6,698,1,1481
6,694,1,1482
6,698,1,1483
6,614,1,1484
6,694,1,1485
6,612,1,1486
6,612,1,1487
6,612,1,1488
6,612,1,1489
6,614,1,1490
6,675,1,1491
6,629,1,1492
6,629,1,1493
6,698,1,1494
6,612,1,1495
6,612,1,1496
6,612,1,1497
6,675,1,1498
6,612,1,1499
6,612,1,1500
6,612,1,1501
6,698,1,1502
6,698,1,1503
6,694,1,1504
6,673,1,1505
4,405,1,1506
6,698,1,1507
6,673,1,1508
6,629,1,1509
6,698,1,1510
6,698,1,1511
6,698,1,1512
6,694,1,1513
6,694,1,1514
6,698,1,1515
6,698,1,1516
6,614,1,1517
6,614,1,1518
4,405,1,1519
6,698,1,1520
6,673,1,1521
6,673,1,1522
6,673,1,1523
6,629,1,1524
6,673,1,1525
6,698,1,1526
6,634,1,1527
6,612,1,1528
6,614,1,1529
6,608,1,1530
6,698,1,1531
6,673,1,1532
6,694,1,1533
6,694,1,1534
6,608,1,1535
6,631,1,1536
6,614,1,1537
6,634,1,1538
6,634,1,1539
6,698,1,1540
6,614,1,1541
6,614,1,1542
6,631,1,1543
6,629,1,1544
6,694,1,1545
6,699,1,1546
6,699,1,1547
6,673,1,1548
6,673,1,1549
6,673,1,1550
6,634,1,1551
6,634,1,1552
6,614,1,1553
6,698,1,1554
6,675,1,1555
4,405,1,1556
6,694,1,1557
6,629,1,1558
6,673,1,1559
6,694,1,1560
6,698,1,1561
6,634,1,1562
6,622,1,1563
6,694,1,1564
6,614,1,1565
6,614,1,1566
6,677,1,1567
4,405,1,1568
6,614,1,1569
6,656,1,1570
6,614,1,1571
6,629,1,1572
6,614,1,1573
6,622,1,1574
6,612,1,1575
6,656,1,1576
6,694,1,1577
6,631,1,1578
6,631,1,1579
6,631,1,1580
6,629,1,1581
6,629,1,1582
6,673,1,1583
6,614,1,1584
6,634,1,1585
6,612,1,1586
6,675,1,1587
6,675,1,1588
6,629,1,1589
6,629,1,1590
6,631,1,1591
6,614,1,1592
6,614,1,1593
6,675,1,1594
6,631,1,1595
6,629,1,1596
6,673,1,1597
6,612,1,1598
4,461,1,1599
4,461,1,1600
6,629,1,1601
6,629,1,1602
6,629,1,1603
6,629,1,1604
6,629,1,1605
6,614,1,1606
6,614,1,1607
6,614,1,1608
6,612,1,1609
6,675,1,1610
6,675,1,1611
4,479,1,1612
4,479,1,1613
4,458,1,1614
4,479,1,1615
4,479,1,1616
4,479,1,1617
4,458,1,1618
4,479,1,1619
4,458,1,1620
6,631,1,1621
6,629,1,1622
6,629,1,1623
6,614,1,1624
6,677,1,1625
6,675,1,1626
6,675,1,1627
6,629,1,1628
6,673,1,1629
6,634,1,1630
6,634,1,1631
6,612,1,1632
6,612,1,1633
6,612,1,1634
6,698,1,1635
6,698,1,1636
4,458,1,1637
6,622,1,1638
6,631,1,1639
6,631,1,1640
6,629,1,1641
6,629,1,1642
6,694,1,1643
6,614,1,1644
6,694,1,1645
6,612,1,1646
6,622,1,1647
6,629,1,1648
6,629,1,1649
6,629,1,1650
6,629,1,1651
6,629,1,1652
6,629,1,1653
6,629,1,1654
6,629,1,1655
6,614,1,1656
6,614,1,1657
6,614,1,1658
6,634,1,1659
6,612,1,1660
6,612,1,1661
6,614,1,1662
6,612,1,1663
6,694,1,1664
6,694,1,1665
6,675,1,1666
6,675,1,1667
6,675,1,1668
4,479,1,1669
4,479,1,1670
6,629,1,1671
6,634,1,1672
6,612,1,1673
6,612,1,1674
6,698,1,1675
6,694,1,1676
6,675,1,1677
6,675,1,1678
6,694,1,1679
6,694,1,1680
6,608,1,1681
6,608,1,1682
6,631,1,1683
6,673,1,1684
6,638,1,1685
6,631,1,1686
6,638,1,1687
6,698,1,1688
6,614,1,1689
6,614,1,1690
6,612,1,1691
6,698,1,1692
6,675,1,1693
6,675,1,1694
6,614,1,1695
6,614,1,1696
6,629,1,1697
6,629,1,1698
6,698,1,1699
6,698,1,1700
6,634,1,1701
6,694,1,1702
6,699,1,1703
6,699,1,1704
6,699,1,1705
6,694,1,1706
6,694,1,1707
6,694,1,1708
6,675,1,1709
6,675,1,1710
6,614,1,1711
6,614,1,1712
6,614,1,1713
6,631,1,1714
6,629,1,1715
6,629,1,1716
6,629,1,1717
6,631,1,1718
6,629,1,1719
6,631,1,1720
6,631,1,1721
6,631,1,1722
6,634,1,1723
6,634,1,1724
6,694,1,1725
6,694,1,1726
6,694,1,1727
6,694,1,1728
6,694,1,1729
6,699,1,1730
6,694,1,1731
6,694,1,1732
6,675,1,1733
6,675,1,1734
6,699,1,1735
6,612,1,1736
6,612,1,1737
6,612,1,1738
6,631,1,1739
6,612,1,1740
6,631,1,1741
6,629,1,1742
6,631,1,1743
6,614,1,1744
6,675,1,1745
6,634,1,1746
6,675,1,1747
6,614,1,1748
6,629,1,1749
6,629,1,1750
6,634,1,1751
6,698,1,1752
6,614,1,1753
6,614,1,1754
6,629,1,1755
6,629,1,1756
6,629,1,1757
6,694,1,1758
6,698,1,1759
6,694,1,1760
6,612,1,1761
6,614,1,1762
6,612,1,1763
6,614,1,1764
6,675,1,1765
6,675,1,1766
6,612,1,1767
6,614,1,1768
6,675,1,1769
6,614,1,1770
6,612,1,1771
6,677,1,1772
6,612,1,1773
6,675,1,1774
6,612,1,1775
6,614,1,1776
6,612,1,1777
6,614,1,1778
6,629,1,1779
6,614,1,1780
4,479,1,1781
4,405,1,1782
4,405,1,1783
4,479,1,1784
6,612,1,1785
6,612,1,1786
6,612,1,1787
8,888,1,1788
6,614,1,1789
6,694,1,1790
8,888,1,1791
6,694,1,1792
6,634,1,1793
6,694,1,1794
6,614,1,1795
6,634,1,1796
6,655,1,1797
6,629,1,1798
6,634,1,1799
6,694,1,1800
6,612,1,1801
6,655,1,1802
6,612,1,1803
6,634,1,1804
6,634,1,1805
6,634,1,1806
6,612,1,1807
6,612,1,1808
6,612,1,1809
6,612,1,1810
6,612,1,1811
6,612,1,1812
6,612,1,1813
6,614,1,1814
6,612,1,1815
6,614,1,1816
6,673,1,1817
6,634,1,1818
6,629,1,1819
6,612,1,1820
6,629,1,1821
6,612,1,1822
6,694,1,1823
6,694,1,1824
6,614,1,1825
6,612,1,1826
6,629,1,1827
6,612,1,1828
6,698,1,1829
6,629,1,1830
6,614,1,1831
6,673,1,1832
6,638,1,1833
6,673,1,1834
6,698,1,1835
6,638,1,1836
6,612,1,1837
6,673,1,1838
6,694,1,1839
6,614,1,1840
6,614,1,1841
6,612,1,1842
6,614,1,1843
6,612,1,1844
6,612,1,1845
6,612,1,1846
6,673,1,1847
6,634,1,1848
6,673,1,1849
6,629,1,1850
6,614,1,1851
6,612,1,1852
6,612,1,1853
6,694,1,1854
6,612,1,1855
6,612,1,1856
6,612,1,1857
6,673,1,1858
6,612,1,1859
6,631,1,1860
6,631,1,1861
6,612,1,1862
6,612,1,1863
6,614,1,1864
6,612,1,1865
6,655,1,1866
6,655,1,1867
6,614,1,1868
6,612,1,1869
6,614,1,1870
6,629,1,1871
6,694,1,1872
6,612,1,1873
6,612,1,1874
6,612,1,1875
6,629,1,1876
6,614,1,1877
6,673,1,1878
6,673,1,1879
6,612,1,1880
6,612,1,1881
6,656,1,1882
6,612,1,1883
6,612,1,1884
6,656,1,1885
6,614,1,1886
6,656,1,1887
6,656,1,1888
6,614,1,1889
6,612,1,1890
6,612,1,1891
6,612,1,1892
6,694,1,1893
6,612,1,1894
6,612,1,1895
6,631,1,1896
6,631,1,1897
6,612,1,1898
6,699,1,1899
6,699,1,1900
6,612,1,1901
6,612,1,1902
6,612,1,1903
6,612,1,1904
6,614,1,1905
6,699,1,1906
6,614,1,1907
6,612,1,1908
6,699,1,1909
