AIRCRAFT_TYPE,AIRCRAFT_CONFIG,PAYLOAD,SEATS,PASSENGERS,FREIGHT,MAIL,RAMP_TO_RAMP,AIR_TIME,DISTANCE_GROUP,CLASS
694,1,37400,150,146,0,0,124,107,2,F
698,1,37822,119,117,0,0,144,125,2,F
698,1,37822,119,119,0,0,162,121,2,F
646,1,5300,8,2,0,0,120,108,2,L
675,1,10841,50,43,0,0,91,72,1,L
675,1,23500,100,41,0,0,200,165,2,L
675,1,10841,50,35,0,0,91,82,1,L
675,1,12659,50,22,0,0,131,116,2,L
675,1,10808,50,38,0,0,143,124,2,L
675,1,12659,50,0,0,0,206,196,3,L
635,2,21458,0,0,800,0,178,168,3,P
635,2,21458,0,0,0,0,181,167,3,P
622,1,95000,215,156,0,0,132,120,2,L
622,1,95000,215,0,0,0,96,72,2,L
684,1,2000,8,3,0,0,122,113,2,L
684,1,4000,16,4,0,0,234,210,2,L
684,1,4000,16,3,0,0,233,209,2,L
684,1,2000,8,2,0,0,54,47,1,L
699,1,51700,187,62,0,0,164,88,2,L
699,1,51700,187,56,0,0,260,216,4,L
622,1,49760,199,160,0,0,169,152,3,F
698,1,34446,132,30,0,0,212,172,3,F
699,1,50700,192,150,14,39,174,156,3,F
622,1,49760,199,160,0,0,166,148,3,F
694,1,38879,160,139,0,0,91,75,2,F
608,1,29900,110,103,492,0,83,54,1,F
698,1,34446,132,4,0,0,153,132,3,F
699,1,50700,192,129,0,0,173,152,3,F
622,1,49760,72,62,0,0,167,143,3,L
622,1,49760,72,0,0,0,142,128,3,L
655,1,32870,149,148,0,0,158,137,3,F
656,1,38470,158,150,32,0,152,126,1,F
656,1,38170,158,149,0,0,118,92,2,F
656,1,38170,158,102,70,4,142,115,2,F
622,1,49760,72,50,0,0,92,70,1,L
655,1,32870,149,147,5,0,178,151,3,F
622,1,49760,199,160,28,0,142,101,2,F
656,1,38170,158,156,0,226,115,76,1,F
622,1,99520,144,61,0,0,280,229,2,L
622,1,49760,72,52,0,0,84,53,1,L
614,1,42500,173,0,0,0,275,255,4,L
614,1,42500,173,0,0,0,160,140,3,L
614,1,42500,173,27,0,0,150,120,2,L
698,1,34279,128,126,4,0,48,36,1,F
614,1,41006,166,70,10064,0,168,151,3,L
614,1,38700,166,152,0,282,218,190,2,F
698,1,34771,128,122,1,0,144,116,2,F
634,1,35906,179,174,0,0,298,270,4,F
614,1,36926,166,163,0,0,249,217,3,F
634,1,40581,179,58,10064,0,86,79,2,L
887,1,54393,219,200,0,0,206,119,2,F
612,1,69200,286,281,2628,0,83,41,1,F
612,1,69200,286,278,1614,0,96,45,1,F
614,1,43400,175,175,252,0,40,23,1,F
612,1,34600,143,141,1280,0,162,137,2,F
612,1,34600,143,142,151,0,230,213,3,F
614,1,43400,175,160,167,0,167,148,2,F
614,1,43400,175,164,120,0,212,198,3,F
612,1,34600,143,143,0,0,170,156,3,F
612,1,34600,143,132,0,0,225,210,3,F
612,1,34600,143,143,0,0,129,115,1,F
614,1,43400,175,165,0,0,128,112,2,F
612,1,34600,143,140,1348,0,162,141,2,F
614,1,43400,175,120,0,0,34,19,1,F
515,1,1600,8,1,0,0,144,132,2,L
515,1,1600,8,0,0,0,150,132,2,L
688,1,2400,12,1,0,0,144,126,2,L
515,1,1600,8,1,0,0,120,102,2,L
688,1,2400,12,0,0,0,174,162,3,L
515,1,1600,8,6,0,0,144,132,2,L
625,1,68370,218,0,0,0,120,90,2,L
617,1,151660,358,30,0,0,195,161,2,L
617,1,75830,179,15,0,0,162,151,3,L
617,1,75830,179,21,0,0,155,132,2,L
617,1,75830,179,0,0,0,157,142,3,L
617,1,227490,537,45,0,0,266,186,1,L
617,1,75830,179,138,0,0,58,41,1,L
617,1,75830,179,138,0,0,67,49,1,L
617,1,75830,179,0,0,0,210,196,3,L
617,1,75830,179,20,0,0,92,82,2,L
635,2,23000,0,0,8878,0,145,125,2,P
635,2,23000,0,0,8878,0,140,120,2,P
669,1,12343,16,14,0,0,129,110,2,L
669,1,12343,16,13,0,0,124,106,2,L
614,1,82501,324,286,0,0,473,369,2,L
614,1,43411,162,149,0,0,124,102,2,L
614,1,43116,162,129,0,0,213,175,2,L
614,1,43116,162,148,0,0,208,175,2,L
614,1,43411,162,93,0,0,209,179,1,L
614,1,43411,162,156,0,0,191,169,2,L
614,1,43116,162,93,0,0,207,183,1,L
614,1,42116,162,154,0,0,211,182,2,L
681,2,5600,0,0,270,0,170,160,3,P
681,2,5600,0,0,270,0,175,155,2,P
617,2,1668260,0,0,627144,0,3922,3343,3,P
617,2,1668260,0,0,431309,0,3620,2944,3,P
634,1,41080,178,156,0,0,48,19,1,F
634,1,41080,178,156,0,0,180,148,3,F
675,1,11118,50,49,0,0,55,29,1,F
675,1,11118,50,34,0,0,136,114,1,F
456,1,7600,30,5,0,0,32,13,1,F
456,1,334400,1320,329,0,0,2622,1956,1,F
456,1,144400,570,116,0,0,1692,1405,1,F
456,1,342000,1350,343,0,0,2489,1733,1,F
456,1,174800,690,176,0,0,1912,1491,1,F
456,1,22800,90,37,0,0,224,176,1,F
456,1,425600,1680,645,0,0,4620,3767,1,F
456,1,364800,1440,423,0,0,3481,2635,1,F
456,1,144400,570,82,0,0,1605,1299,1,F
456,1,425600,1680,600,0,0,5338,4462,1,F
456,1,364800,1440,422,0,0,3700,2947,1,F
456,1,7600,30,5,0,0,100,87,1,F
456,1,159600,630,153,0,0,1830,1524,1,F
405,1,4500,19,5,0,0,117,103,1,F
405,1,4500,19,5,0,0,79,60,1,F
479,1,1600,8,6,0,0,100,84,1,F
675,1,10808,50,20,0,0,60,45,1,F
675,1,10841,50,40,0,0,86,67,2,F
675,1,10808,50,34,0,0,106,81,2,F
675,1,34308,150,121,0,0,298,260,2,F
698,1,101000,156,113,0,0,78,60,1,F
698,1,101000,156,151,0,0,84,60,1,F
614,1,40400,160,150,450,266,42,20,1,F
614,1,39900,160,133,0,0,97,78,2,F
655,1,39400,140,124,0,0,117,85,1,F
699,1,50200,181,168,428,0,255,207,4,F
699,1,48100,181,74,0,0,144,115,2,F
614,1,39900,160,150,550,0,150,106,2,F
699,1,50200,181,154,0,54,255,196,4,F
614,1,40400,160,150,450,266,157,138,2,F
614,1,40400,160,142,0,521,219,201,3,F
699,1,51700,187,150,0,460,159,140,2,F
614,1,39900,160,133,0,0,87,71,1,F
608,1,29900,110,101,0,0,166,136,2,F
608,1,29900,110,110,0,0,126,86,2,F
694,1,77758,320,281,0,0,219,176,2,F
614,1,40870,160,155,0,0,78,60,1,F
614,1,41370,160,154,6,0,176,154,3,F
608,1,29900,110,106,53,0,131,103,2,F
694,1,38879,160,160,21,0,112,95,2,F
631,1,17610,70,70,0,0,110,74,2,F
631,1,17610,70,55,0,0,153,132,3,F
629,1,13500,50,35,0,0,91,61,1,F
629,1,13500,50,0,0,0,143,97,2,F
629,1,13500,50,0,0,0,137,100,2,F
629,1,13500,50,46,0,0,104,85,2,F
629,1,13500,50,48,0,0,56,41,1,F
673,1,15200,76,0,0,0,218,191,3,F
631,1,18740,70,70,0,0,78,52,1,F
631,1,18740,70,62,0,0,210,183,3,F
673,1,15200,76,69,0,0,151,129,2,F
673,1,15200,76,58,0,0,109,89,2,F
629,1,13500,50,45,0,0,89,64,1,F
629,1,13500,50,43,0,0,64,37,1,F
631,1,18740,70,67,0,0,122,91,2,F
673,1,15200,76,69,0,0,169,137,3,F
673,1,15200,76,0,0,0,133,118,2,F
631,1,18740,70,69,0,0,134,64,1,F
631,1,18740,70,48,0,0,125,98,2,F
631,1,18740,70,63,0,0,148,127,2,F
631,1,18740,70,63,0,0,81,61,1,F
673,1,15200,76,65,0,0,139,114,2,F
629,1,13500,50,40,0,0,158,133,2,F
673,1,15200,76,76,0,0,135,112,2,F
629,1,13500,50,50,0,0,162,130,3,F
629,1,13500,50,0,0,0,180,147,2,F
631,1,18740,70,0,0,0,233,134,2,F
631,1,18740,70,68,0,0,145,110,2,F
673,1,15200,76,73,0,0,106,86,2,F
673,1,15200,76,0,0,0,131,86,2,F
631,1,18740,70,0,0,0,109,84,2,F
629,1,13500,50,0,0,0,160,122,2,F
631,1,18740,70,34,0,0,89,57,1,F
673,1,15200,76,53,0,0,74,51,1,F
631,1,18740,70,0,0,0,139,113,2,F
673,1,15200,76,62,0,0,129,110,2,F
631,1,18740,70,16,0,0,141,122,2,F
629,1,13500,50,0,0,0,123,93,2,F
673,1,15200,76,0,0,0,200,134,2,F
673,1,15200,76,76,0,0,148,131,2,F
629,1,13500,50,41,0,0,129,111,2,F
631,1,18740,70,69,0,0,153,122,2,F
673,1,15200,76,65,0,0,136,107,2,F
629,1,13500,50,45,0,0,178,105,1,F
631,1,18740,70,68,0,0,141,118,2,F
631,1,18740,70,67,0,0,129,114,2,F
694,1,32640,150,140,1,0,66,48,1,F
614,1,41971,166,151,0,1040,240,218,4,F
698,1,31999,128,127,0,1858,258,235,4,F
694,1,36804,150,84,0,0,107,67,2,F
694,1,36640,150,144,0,0,66,52,1,F
634,1,48470,179,154,55,23,94,66,1,F
694,1,35090,150,150,865,0,215,194,4,F
694,1,36804,150,144,181,0,89,74,2,F
694,1,36867,150,89,0,0,172,144,3,F
698,1,36158,128,86,0,1615,152,128,3,F
698,1,32862,128,126,0,0,215,203,4,F
624,1,100549,242,200,0,0,199,179,3,F
626,1,82777,214,126,0,75,140,113,2,F
698,1,35433,128,106,10,539,108,89,2,F
614,1,42241,166,137,703,1350,88,70,2,F
698,1,35372,128,102,0,40,208,184,4,F
698,1,35936,128,121,0,0,123,111,2,F
694,1,36733,150,134,55,1976,198,175,4,F
614,1,34143,166,99,0,0,120,102,2,F
694,1,36072,150,128,0,0,194,178,3,F
614,1,42690,166,105,0,0,128,113,2,F
698,1,35554,128,126,77,1604,85,69,1,F
614,1,41831,166,162,0,65,136,97,2,F
698,1,35832,128,119,0,97,115,95,2,F
614,1,41556,166,124,11,0,82,63,2,F
624,1,98334,242,173,306,361,216,185,3,F
622,1,48320,169,161,0,1335,141,119,2,F
626,1,82502,214,207,0,707,137,110,2,F
614,1,43141,166,107,0,954,101,80,2,F
622,1,48843,169,166,85,404,223,204,4,F
614,1,41843,166,164,0,0,123,105,2,F
634,1,46360,179,97,42,0,123,105,2,F
694,1,34772,150,138,0,0,230,200,3,F
614,1,38790,166,38,0,0,134,99,2,F
694,1,36768,150,128,117,395,124,107,2,F
694,1,35694,150,109,0,0,141,119,2,F
622,1,48920,169,129,508,430,149,122,2,F
637,1,290384,732,385,8694,0,272,215,2,F
614,1,37980,166,159,0,679,132,114,2,F
614,1,36271,166,157,0,649,134,109,2,F
698,1,28852,128,125,24,260,148,111,2,F
614,1,28356,166,123,23,0,99,86,2,F
619,1,32200,143,107,85,0,292,248,3,F
619,1,32200,143,139,1026,0,176,164,3,F
619,1,32200,143,128,0,0,65,51,1,F
619,1,32200,143,121,944,0,110,97,2,F
619,1,32200,143,140,110,0,155,137,3,F
619,1,32200,143,128,96,0,145,128,3,F
619,1,32200,143,136,0,0,119,104,2,F
619,1,32200,143,133,0,0,153,138,2,F
619,1,32200,143,138,377,0,201,180,4,F
619,1,32200,143,139,760,0,149,118,2,F
614,1,43400,175,163,0,0,218,200,4,F
619,1,32200,143,141,26,0,89,73,2,F
619,1,32200,143,123,160,0,172,153,3,F
619,1,32200,143,84,0,0,153,137,3,F
614,1,43400,175,175,345,0,153,137,3,F
619,1,32200,143,143,569,0,205,189,3,F
619,1,32200,143,140,0,0,121,102,2,F
614,1,43400,175,171,0,0,228,212,4,F
619,1,32200,143,140,6,0,133,118,2,F
673,1,21803,76,61,0,0,182,159,3,F
673,1,21803,76,73,0,0,43,17,1,F
673,1,21803,76,70,0,0,164,139,3,F
673,1,21803,76,65,0,0,50,21,1,F
677,1,19092,70,60,0,0,98,74,2,F
677,1,19092,70,33,0,0,98,64,1,F
673,1,21803,76,65,0,0,89,64,1,F
673,1,21803,76,69,0,0,89,66,1,F
677,1,19092,70,52,0,0,90,68,1,F
673,1,21803,76,67,0,0,177,153,3,F
673,1,21803,76,52,0,0,100,80,2,F
698,1,30000,150,134,0,0,162,143,3,F
698,1,30000,150,143,0,0,161,142,3,F
698,1,30000,150,64,0,0,153,133,3,F
694,1,36000,180,178,0,0,183,109,2,F
698,1,30000,150,113,0,0,153,135,2,F
694,1,37200,180,180,0,0,213,189,4,F
698,1,30000,150,126,0,0,228,183,4,F
694,1,36000,180,136,0,0,119,95,2,F
694,1,37200,180,180,0,0,134,111,2,F
698,1,30000,150,110,0,0,131,113,2,F
694,1,37200,180,145,0,0,113,83,2,F
694,1,36000,180,151,0,0,115,93,2,F
694,1,36000,180,136,0,0,139,123,3,F
698,1,30000,150,142,0,0,193,154,3,F
694,1,37200,180,132,0,0,220,194,3,F
694,1,36000,180,171,0,0,152,125,2,F
698,1,30000,150,150,0,0,163,145,2,F
694,1,36000,180,169,0,0,214,192,4,F
694,1,36000,180,102,0,0,112,84,2,F
694,1,37200,180,180,0,0,179,134,2,F
694,1,36000,180,142,0,0,112,88,2,F
694,1,36000,180,152,0,0,152,121,2,F
694,1,37200,180,4,0,0,210,188,4,F
694,1,36000,180,140,0,0,172,159,3,F
691,2,107634,0,0,16753,0,191,159,2,G
730,2,136966,0,0,14986,0,136,115,2,G
691,2,104189,0,0,50142,0,216,181,2,G
691,2,104402,0,0,23383,0,176,151,3,G
691,2,107840,0,0,47075,0,95,72,1,G
691,2,104608,0,0,42470,0,108,90,2,G
691,2,107931,0,0,42190,0,60,42,1,G
730,2,136966,0,0,13780,0,147,129,2,G
740,2,193214,0,0,114987,0,101,82,2,G
691,2,107931,0,0,42190,0,221,198,3,G
740,2,193732,0,0,30465,0,133,115,2,G
698,1,29000,145,144,0,0,153,133,3,F
698,1,29000,145,127,0,0,159,142,2,F
638,1,20210,79,66,0,0,128,99,2,F
675,1,11118,50,45,0,0,72,53,1,F
675,1,11118,50,47,0,0,62,45,1,F
675,1,11118,50,43,0,0,157,141,3,F
675,1,12350,50,44,0,0,113,97,2,F
675,1,12350,50,48,1,0,164,120,2,F
405,1,27000,114,88,0,0,535,436,1,F
405,1,27000,114,94,0,0,617,526,1,F
675,1,10000,50,47,0,0,144,124,2,F
675,1,10000,50,47,0,0,50,23,1,F
675,1,10000,50,47,0,0,170,136,2,F
675,1,10000,50,49,0,0,149,127,2,F
622,2,79755,0,0,18239,5737,164,138,3,G
691,2,108025,0,0,32891,3787,104,86,2,G
622,2,79755,0,0,25727,0,148,123,3,G
622,2,79755,0,0,14991,218,87,60,1,G
691,2,108025,0,0,66035,0,94,57,1,G
694,1,79000,300,267,0,0,343,309,2,F
699,1,98300,362,322,428,0,329,274,2,F
694,1,79000,300,267,0,0,536,422,4,F
698,1,68892,264,251,188,0,211,179,2,F
888,1,98180,360,356,70,0,204,174,2,F
614,1,81740,320,287,0,194,144,108,1,F
631,1,35220,140,133,0,0,286,241,3,F
631,1,35220,140,122,0,0,206,176,2,F
631,1,37480,140,125,0,0,84,38,1,F
631,1,37480,140,124,0,0,78,36,1,F
673,1,30400,152,87,0,0,134,83,1,F
673,1,30400,152,91,0,0,236,191,2,F
673,1,30400,152,146,0,0,328,287,2,F
673,1,30400,152,138,0,0,282,227,2,F
629,1,13500,50,0,0,0,169,129,2,F
631,1,36480,139,73,0,0,112,73,1,F
673,1,30400,152,64,0,0,130,76,1,F
631,1,37480,140,0,0,0,242,196,2,F
673,1,30400,152,65,0,0,204,161,2,F
631,1,37480,140,96,0,0,440,394,3,F
673,1,30400,152,145,0,0,308,243,2,F
631,1,37480,140,108,0,0,223,178,2,F
694,1,72337,300,223,375,2511,416,310,3,F
694,1,72444,300,112,106,0,326,294,3,F
614,1,77848,332,314,0,0,471,413,3,F
694,1,70337,300,275,1391,2529,338,296,3,F
698,1,66423,256,244,0,2664,491,440,4,F
614,1,85088,332,322,0,0,371,334,3,F
694,1,73424,300,269,46,0,271,230,2,F
614,1,84704,332,180,0,0,139,107,1,F
614,1,82724,332,318,33,1852,368,328,3,F
694,1,73244,300,205,0,0,276,241,2,F
698,1,71109,256,243,104,3055,426,385,4,F
694,1,73314,300,250,114,0,217,182,2,F
614,1,83719,332,273,0,0,271,236,2,F
698,1,70764,256,211,19,957,536,450,4,F
694,1,73634,300,255,62,0,238,205,2,F
694,1,73000,300,220,4,0,322,286,3,F
614,1,78004,332,149,20,0,177,136,1,F
698,1,58924,256,166,0,698,214,175,2,F
698,1,69419,256,243,1,1532,422,381,4,F
694,1,59414,300,228,7,0,208,172,2,F
619,1,64400,286,217,0,0,214,166,2,F
614,1,86800,350,49,173,0,135,101,1,F
619,1,64400,286,165,190,0,401,363,3,F
619,1,64400,286,274,59,0,392,345,3,F
619,1,64400,286,254,1128,0,321,283,3,F
619,1,64400,286,265,431,0,267,237,2,F
619,1,64400,286,253,208,0,305,270,3,F
619,1,64400,286,204,565,0,150,124,1,F
619,1,64400,286,281,0,0,239,207,2,F
619,1,64400,286,274,1579,0,294,245,2,F
619,1,64400,286,275,13,0,278,239,2,F
619,1,64400,286,256,43,0,323,260,3,F
619,1,64400,286,236,210,0,294,252,2,F
673,1,43606,152,104,0,0,382,334,3,F
673,1,43606,152,112,0,0,291,251,3,F
673,1,43606,152,137,0,0,331,270,3,F
677,1,38184,140,132,0,0,247,188,2,F
673,1,43606,152,127,0,0,174,139,2,F
677,1,38184,140,137,0,0,196,149,1,F
698,1,60000,300,274,0,0,254,210,2,F
694,1,72000,360,295,0,0,226,177,2,F
694,1,73200,360,290,0,0,345,311,3,F
694,1,73200,360,299,0,0,238,198,2,F
698,1,60000,300,242,0,0,301,258,2,F
694,1,73200,360,289,0,0,482,416,3,F
694,1,73200,360,299,0,0,257,215,2,F
622,2,126608,0,0,39954,0,159,118,1,G
691,2,213861,0,0,67964,0,248,195,2,G
638,1,43004,152,143,0,0,361,326,3,F
638,1,43004,152,139,0,0,288,248,3,F
622,2,159510,0,0,33216,0,166,114,1,G
614,1,120700,480,396,2100,0,391,307,2,F
631,1,52830,210,177,0,0,268,206,2,F
631,1,52830,210,199,0,0,309,239,2,F
631,1,52830,210,199,0,0,342,277,2,F
631,1,52830,210,191,0,0,456,362,3,F
631,1,52830,210,166,0,0,419,353,2,F
631,1,52830,210,199,0,0,517,449,3,F
631,1,56220,210,166,0,0,218,167,1,F
629,1,40500,150,143,0,0,215,168,1,F
631,1,56220,210,136,0,0,325,211,2,F
629,1,40500,150,119,0,0,219,160,1,F
631,1,56220,210,193,0,0,301,239,2,F
673,1,45600,228,211,0,0,508,424,3,F
673,1,45600,228,192,0,0,444,381,3,F
631,1,54980,210,203,0,0,406,350,3,F
629,1,40500,150,115,0,0,234,188,1,F
629,1,40500,150,135,0,0,168,102,1,F
629,1,40500,150,141,0,0,442,357,2,F
631,1,54980,210,192,0,0,350,265,2,F
629,1,40500,150,131,0,0,406,334,2,F
631,1,56220,210,131,0,0,452,368,2,F
631,1,56220,210,201,0,0,396,312,2,F
631,1,56220,210,206,0,0,294,230,2,F
629,1,40500,150,147,0,0,360,298,2,F
631,1,55220,209,89,0,0,447,388,2,F
629,1,40500,150,90,0,0,263,211,1,F
629,1,40500,150,140,0,0,195,113,1,F
629,1,40500,150,147,0,0,403,335,2,F
631,1,54980,210,204,0,0,329,243,2,F
631,1,56220,210,107,0,0,191,146,1,F
614,1,122849,486,333,0,0,387,329,2,F
698,1,107090,384,368,133,0,680,635,3,F
614,1,116827,486,446,130,0,627,544,3,F
698,1,106955,384,358,472,5334,528,440,3,F
698,1,101729,384,346,568,3821,653,547,4,F
634,1,136854,537,462,0,4386,278,216,2,F
694,1,98048,450,331,0,0,366,305,2,F
614,1,125837,498,471,64,0,276,219,1,F
698,1,107620,384,346,1505,0,454,374,2,F
694,1,104148,450,379,34,0,355,305,2,F
614,1,118898,498,482,20,0,658,575,3,F
619,1,96600,429,336,884,0,236,179,1,F
614,1,130200,525,465,0,0,726,679,4,F
619,1,96600,429,412,119,0,597,502,3,F
612,1,103800,429,394,1352,0,762,716,4,F
614,1,130200,525,513,451,0,576,517,3,F
619,1,96600,429,388,368,0,409,355,2,F
619,1,96600,429,383,0,0,415,364,2,F
619,1,96600,429,400,318,0,275,226,2,F
614,1,86800,350,347,137,0,296,260,3,F
619,1,96600,429,424,107,0,431,388,3,F
619,1,96600,429,391,40,0,258,189,1,F
619,1,96600,429,385,2230,0,407,351,2,F
612,1,103800,429,417,95,0,574,523,4,F
614,1,130200,525,481,0,0,382,323,2,F
619,1,96600,429,417,1828,0,517,461,3,F
619,1,96600,429,330,18,0,432,386,2,F
619,1,96600,429,350,326,0,457,389,2,F
619,1,96600,429,374,559,0,318,274,2,F
619,1,96600,423,395,1105,0,513,463,2,F
619,1,96600,429,380,0,0,389,342,2,F
619,1,96600,429,427,0,0,483,433,3,F
619,1,96600,429,311,397,0,263,212,1,F
619,1,96600,429,400,833,0,375,333,2,F
614,1,130200,525,508,0,0,672,630,4,F
673,1,65409,228,203,0,0,246,169,1,F
673,1,65409,228,144,0,0,524,455,3,F
677,1,57276,210,200,0,0,578,523,3,F
673,1,65409,228,193,0,0,226,152,1,F
673,1,65409,228,190,0,0,467,375,3,F
677,1,57276,210,169,0,0,318,250,2,F
677,1,57276,210,197,0,0,384,318,2,F
673,1,65409,228,213,0,0,285,216,1,F
677,1,57276,210,122,0,0,329,237,2,F
677,1,57276,210,198,0,0,382,291,2,F
673,1,65409,228,196,0,0,400,273,2,F
673,1,65409,228,200,0,0,420,353,2,F
677,1,57276,210,198,0,0,370,277,2,F
677,1,57276,210,197,0,0,482,425,3,F
677,1,57276,210,206,0,0,293,222,1,F
677,1,57276,210,192,0,0,409,330,2,F
677,1,57276,210,130,0,0,335,272,2,F
698,1,90000,450,425,0,0,364,289,2,F
698,1,90000,450,424,0,0,343,271,2,F
699,1,138000,690,445,0,0,403,344,2,F
699,1,138000,690,517,0,0,527,420,2,F
694,1,109200,540,381,0,0,365,281,2,F
675,1,33354,150,126,0,0,256,204,1,F
675,1,33354,150,100,0,0,287,209,1,F
675,1,33354,150,123,0,0,307,244,2,F
675,1,33354,150,132,0,0,366,306,2,F
675,1,33354,150,141,0,0,350,286,2,F
675,1,33354,150,143,0,0,313,258,2,F
675,1,33354,150,92,0,0,396,342,2,F
675,1,33354,150,139,0,0,341,280,2,F
675,1,30000,150,142,0,0,464,392,2,F
622,2,239265,0,0,70464,0,376,311,2,G
673,1,79544,304,126,0,0,512,363,2,F
673,1,79544,304,169,0,0,452,358,2,F
655,1,146200,560,483,0,0,427,337,2,F
655,1,146200,560,541,11,0,494,380,2,F
631,1,70440,280,210,0,0,294,229,1,F
631,1,70440,280,265,0,0,279,210,1,F
631,1,70440,280,255,0,0,489,361,2,F
631,1,70440,280,274,0,0,518,364,2,F
629,1,54000,200,188,0,0,619,516,2,F
673,1,60800,304,260,0,0,530,425,2,F
673,1,60800,304,277,0,0,465,365,2,F
631,1,74960,280,236,0,0,424,332,2,F
631,1,74960,280,164,0,0,427,350,2,F
629,1,54000,200,187,0,0,539,436,2,F
631,1,74960,280,160,0,0,420,344,2,F
629,1,54000,200,191,0,0,458,352,2,F
673,1,60800,304,168,0,0,449,361,2,F
673,1,60800,304,293,0,0,548,414,2,F
629,1,47000,200,144,0,0,409,317,1,F
631,1,74960,280,253,0,0,488,362,2,F
698,1,142952,512,462,153,6943,724,648,3,F
634,1,164811,704,509,0,0,365,291,2,F
694,1,125284,600,395,31,0,508,405,2,F
614,1,155101,664,577,225,1540,720,653,3,F
694,1,136041,600,540,484,366,756,668,3,F
698,1,143189,512,438,24,0,670,572,3,F
694,1,137929,600,555,575,0,443,356,2,F
634,1,185611,704,623,125,0,356,295,2,F
614,1,156705,652,571,111,0,730,621,3,F
614,1,165940,664,588,104,180,645,552,3,F
694,1,144521,600,503,276,704,613,538,3,F
614,1,156861,652,479,5,0,606,535,2,F
694,1,140058,600,545,119,0,473,405,2,F
622,1,189366,676,638,0,0,1766,1681,7,F
614,1,201956,830,754,5,0,620,528,2,F
698,1,137741,512,456,209,2448,597,533,3,F
614,1,159711,664,615,1272,4337,837,738,4,F
698,1,144162,512,397,593,2230,772,700,4,F
634,1,154589,716,497,24,0,541,459,2,F
637,1,561174,1464,668,3711,0,593,484,2,F
634,1,175495,716,684,5,6610,715,635,3,F
694,1,144598,600,397,5,0,474,401,2,F
622,1,183058,676,642,0,0,1593,1526,7,F
614,1,154028,664,617,112,0,569,461,2,F
634,1,164356,716,650,19,0,488,408,2,F
614,1,173600,700,660,1861,0,265,209,1,F
614,1,173600,700,624,0,0,841,768,3,F
619,1,128800,566,506,505,0,479,411,2,F
614,1,173600,700,651,36,0,784,718,4,F
619,1,128800,572,549,0,0,577,466,2,F
619,1,128800,572,553,387,0,473,410,2,F
614,1,173600,700,677,509,0,570,508,2,F
619,1,128800,572,561,165,0,581,510,2,F
619,1,128800,572,543,1591,0,470,391,2,F
612,1,138400,572,542,0,0,936,853,4,F
614,1,173600,700,649,0,0,501,436,2,F
619,1,128800,572,516,8,0,339,237,1,F
619,1,128800,572,551,82,0,426,360,2,F
673,1,87212,304,276,0,0,593,493,2,F
677,1,76368,280,256,0,0,514,422,2,F
677,1,76368,280,242,0,0,446,339,2,F
673,1,87212,304,208,0,0,347,232,1,F
694,1,145200,720,693,0,0,557,460,2,F
698,1,120000,600,561,0,0,558,466,2,F
694,1,145200,720,577,0,0,611,527,2,F
698,1,120000,600,567,0,0,557,434,2,F
614,1,170239,648,505,0,1286,425,353,2,F
675,1,44472,200,185,0,0,344,236,1,F
675,1,44472,200,158,0,0,322,264,1,F
631,1,50400,193,146,0,0,473,401,3,F
631,1,67200,258,211,0,0,680,593,3,F
691,2,432100,0,0,153735,0,581,472,2,G
691,2,424400,0,0,243523,0,596,499,3,G
626,2,470180,0,0,173084,0,320,240,1,G
626,2,470180,0,0,171992,0,283,212,1,G
631,1,88050,350,281,0,0,580,440,2,F
631,1,88050,350,308,0,0,751,609,2,F
631,1,88050,350,328,0,0,741,657,2,F
629,1,64000,250,163,0,0,486,335,1,F
673,1,76000,380,359,0,0,928,791,3,F
629,1,64000,250,180,0,0,438,350,1,F
673,1,76000,380,365,0,0,919,790,3,F
631,1,93700,350,280,0,0,322,225,1,F
631,1,93700,350,314,0,0,615,508,2,F
673,1,76000,380,364,0,0,428,316,1,F
629,1,67500,250,228,0,0,539,407,2,F
631,1,93700,350,299,0,0,723,572,2,F
631,1,93700,350,192,0,0,502,403,2,F
629,1,47000,200,142,0,0,339,263,1,F
629,1,67500,250,197,0,0,791,662,2,F
631,1,93700,350,230,0,0,350,235,1,F
631,1,93700,350,335,0,0,513,404,2,F
673,1,76000,380,357,0,0,741,638,2,F
629,1,54000,200,124,0,0,534,426,2,F
631,1,73960,279,201,0,0,348,235,1,F
694,1,178092,750,738,471,0,540,437,2,F
634,1,219754,895,852,99,0,1037,907,3,F
698,1,164357,640,581,62,2205,980,856,3,F
694,1,173288,750,461,4,0,564,441,2,F
634,1,219154,895,813,24,0,929,816,3,F
698,1,179325,640,500,90,0,786,660,3,F
627,1,494650,1820,1483,31037,37,1012,900,4,F
698,1,179937,640,528,136,0,665,587,2,F
694,1,155745,750,632,42,0,785,681,2,F
694,1,183219,750,602,8,0,626,542,2,F
694,1,214834,900,694,155,0,887,758,2,F
694,1,182492,750,592,0,7649,721,623,2,F
698,1,179711,640,490,128,0,552,456,2,F
614,1,199330,830,823,52,0,1298,1117,4,F
698,1,173090,640,564,33,0,611,506,2,F
634,1,237436,895,697,109,4105,497,399,2,F
634,1,243490,895,804,0,0,502,355,1,F
694,1,175729,750,656,54,0,626,528,2,F
614,1,208982,830,699,460,0,707,618,2,F
698,1,165519,640,605,50,301,755,634,3,F
698,1,170187,640,613,0,0,717,621,2,F
698,1,170921,640,619,27,0,551,476,2,F
619,1,161000,715,619,1612,0,830,736,3,F
612,1,173000,715,633,0,0,689,598,2,F
619,1,161000,715,665,1845,0,530,448,2,F
619,1,161000,715,697,1226,0,578,498,2,F
619,1,161000,715,686,1674,0,700,622,2,F
612,1,173000,715,673,0,0,643,564,2,F
614,1,217000,875,715,139,0,422,350,1,F
614,1,217000,875,821,0,0,987,899,3,F
619,1,161000,715,700,832,0,683,592,2,F
677,1,95460,350,331,0,0,655,545,2,F
699,1,230000,1150,877,0,0,606,442,2,F
699,1,230000,1150,1091,0,0,533,396,2,F
614,1,213845,810,653,0,1785,581,474,2,F
675,1,55590,250,209,0,0,545,449,2,F
405,1,22500,95,14,0,0,199,133,1,F
405,1,22500,95,13,0,0,202,135,1,F
631,1,105660,420,387,0,0,807,640,2,F
631,1,105660,420,390,0,0,834,598,2,F
631,1,105660,420,349,0,0,994,809,3,F
631,1,105660,420,332,0,0,1074,902,3,F
631,1,112440,420,382,0,0,1229,1019,3,F
673,1,91200,456,421,0,0,1198,1029,3,F
673,1,91200,456,363,0,0,941,740,2,F
673,1,91200,456,412,0,0,1214,1020,3,F
629,1,81000,300,272,0,0,1014,828,2,F
673,1,91200,456,190,0,0,1103,939,3,F
631,1,112440,420,330,0,0,640,515,2,F
631,1,112440,420,329,0,0,751,603,2,F
673,1,91200,456,384,0,0,501,389,1,F
631,1,112440,420,392,0,0,891,716,2,F
631,1,112440,420,325,0,0,601,492,2,F
673,1,91200,456,222,0,0,911,790,3,F
631,1,112440,420,300,0,0,756,642,2,F
629,1,77500,300,248,0,0,928,774,2,F
631,1,112440,420,382,0,0,602,482,2,F
631,1,112440,420,375,0,0,671,544,2,F
634,1,229852,1074,937,174,3035,747,618,2,F
634,1,279180,1074,850,86,7332,959,829,3,F
694,1,218358,900,727,0,0,862,719,3,F
614,1,244614,984,930,0,310,818,690,2,F
694,1,213159,900,795,0,6981,540,436,2,F
694,1,215633,900,780,2,0,813,647,2,F
694,1,204199,900,811,0,1316,896,781,3,F
627,1,597376,2184,2053,65896,24545,1430,1246,4,F
614,1,220146,984,954,0,2309,926,822,2,F
698,1,196685,768,755,34,7586,962,854,2,F
694,1,218579,900,755,0,0,824,713,2,F
694,1,208319,900,817,122,0,899,771,2,F
694,1,204040,900,761,121,7850,1495,1270,4,F
612,1,207600,858,801,0,0,1336,1240,4,F
614,1,303800,1225,1157,391,0,1378,1242,3,F
614,1,260400,1050,989,8,0,533,424,2,F
619,1,193200,858,753,889,0,911,798,2,F
614,1,260400,1050,994,497,0,505,407,1,F
614,1,260400,1050,915,0,0,1249,1138,3,F
614,1,260400,1050,885,1786,0,887,717,2,F
614,1,260400,1050,1002,1409,0,466,348,1,F
677,1,114552,420,398,0,0,1112,981,3,F
677,1,95460,350,308,0,0,872,738,3,F
677,1,114552,420,400,0,0,808,588,2,F
677,1,114552,420,387,0,0,514,373,1,F
677,1,114552,420,397,0,0,916,771,3,F
622,2,377317,0,0,125368,0,290,215,1,G
626,2,743355,0,0,367675,0,812,659,2,G
730,2,820366,0,0,460413,0,855,652,2,G
622,2,375089,0,0,66319,0,317,227,1,G
730,2,820366,0,0,465747,0,875,716,2,G
675,1,66708,300,251,0,0,538,404,1,F
655,1,280000,1162,921,0,0,582,444,1,F
655,1,280000,1162,858,0,0,552,408,1,F
631,1,123270,490,453,0,0,1128,960,3,F
631,1,123270,490,450,0,0,1227,1116,3,F
631,1,131180,490,419,0,0,927,779,2,F
673,1,106400,532,448,0,0,1035,831,2,F
673,1,106400,532,503,0,0,1612,1380,3,F
631,1,131180,490,430,0,0,383,257,1,F
673,1,106400,532,489,0,0,1508,1283,3,F
673,1,106400,532,480,0,0,1775,1601,3,F
614,1,289418,1162,843,123,0,564,427,1,F
698,1,235841,896,877,0,0,783,646,2,F
698,1,211673,896,630,94,0,915,776,2,F
614,1,283069,1162,904,314,5234,599,461,1,F
698,1,226041,896,862,495,0,733,620,2,F
698,1,252096,896,701,89,0,967,832,2,F
634,1,338785,1253,869,694,0,666,535,2,F
634,1,248921,1253,802,9,0,1063,950,2,F
698,1,217873,896,706,34,0,1062,929,2,F
634,1,325178,1253,1153,4,0,903,759,2,F
698,1,238540,896,772,57,0,623,495,1,F
698,1,247363,896,761,608,4252,1197,1070,3,F
634,1,322848,1253,780,2692,9568,581,444,1,F
634,1,342206,1253,1034,193,0,682,568,2,F
634,1,324021,1253,938,0,0,971,836,2,F
694,1,245606,1050,895,0,3916,729,577,2,F
634,1,286418,1253,1158,10,0,1085,912,2,F
614,1,294120,1162,1054,327,9567,1632,1460,4,F
698,1,247173,896,807,51,9150,1340,1210,3,F
694,1,254324,1050,844,1,0,653,535,2,F
619,1,225400,995,953,688,0,896,769,2,F
614,1,303800,1225,1150,3842,0,1276,1165,3,F
614,1,303800,1225,1144,1096,0,1470,1315,4,F
612,1,242200,1001,944,0,0,1123,1010,3,F
614,1,303800,1225,1152,3608,0,1267,1159,3,F
612,1,242200,1001,959,0,0,1213,1094,3,F
619,1,225400,1001,928,76,0,696,581,2,F
675,1,77826,350,290,0,0,944,759,2,F
675,1,77826,350,298,0,0,387,216,1,F
675,1,77826,350,294,0,0,633,491,1,F
740,2,910573,0,0,433940,3085,1013,825,3,G
740,2,1190777,0,0,579794,3949,1132,978,3,G
694,1,308200,1200,876,0,0,856,665,2,F
694,1,308200,1200,1007,0,870,826,665,2,F
631,1,140880,560,523,0,0,1398,1167,3,F
631,1,149920,560,530,0,0,1431,1243,3,F
631,1,131180,490,397,0,0,769,625,2,F
631,1,149920,560,464,0,0,757,579,1,F
698,1,263688,1024,972,393,1614,999,854,2,F
698,1,282418,1024,642,24,1027,957,822,2,F
694,1,284532,1200,1038,500,9731,1777,1538,4,F
694,1,286022,1200,1017,1089,9567,1366,1149,3,F
614,1,320716,1328,1240,47,0,1881,1695,4,F
698,1,278722,1024,945,62,0,1696,1542,4,F
694,1,272353,1200,1016,24,0,922,791,2,F
634,1,374632,1420,1072,4189,4546,882,731,2,F
634,1,347727,1432,1323,55,4840,1313,1118,3,F
694,1,286781,1200,922,8,0,740,593,2,F
698,1,287522,1024,812,0,0,1155,1000,2,F
694,1,284735,1200,1170,458,1102,1283,1143,3,F
634,1,374573,1432,1232,305,7313,668,474,1,F
614,1,347200,1400,1209,1918,0,1097,955,2,F
619,1,257600,1138,1010,817,0,1123,968,2,F
619,1,257600,1144,1105,1092,0,1178,924,2,F
619,1,257600,1144,986,1610,0,703,559,1,F
619,1,257600,1144,1099,1273,0,899,704,2,F
619,1,257600,1144,1062,2813,0,1252,1063,2,F
619,1,257600,1144,1048,208,0,843,689,2,F
619,1,257600,1144,1056,284,0,849,670,2,F
614,1,347200,1400,1313,1163,0,1721,1567,3,F
677,1,152736,560,525,0,0,1361,1096,3,F
698,1,240000,1200,917,0,0,1351,1146,2,F
698,1,240000,1200,905,0,0,1137,933,2,F
740,2,1552063,0,0,147267,0,1240,1011,2,G
675,1,88944,400,371,0,0,508,315,1,F
675,1,88944,400,245,0,0,476,290,1,F
675,1,88944,400,344,0,0,456,248,1,F
698,1,909000,1404,1299,0,0,918,702,2,F
698,1,909000,1404,1257,0,0,924,696,2,F
655,1,360000,1494,1268,0,0,1038,786,2,F
698,1,909000,1404,1267,0,0,1092,852,2,F
655,1,360000,1494,1272,0,0,942,738,2,F
698,1,909000,1404,1184,0,0,1032,804,2,F
675,1,67500,450,308,0,0,1086,942,2,F
675,1,90000,450,344,0,0,930,768,2,F
629,1,118000,450,356,0,0,1073,842,2,F
673,1,136800,684,651,0,0,1213,981,2,F
629,1,121500,450,409,0,0,854,659,1,F
631,1,168660,630,549,0,0,833,624,1,F
673,1,136800,684,570,0,0,1155,944,2,F
631,1,168660,630,486,0,0,551,363,1,F
673,1,136800,684,630,0,0,1408,1178,2,F
694,1,310348,1350,1215,38,3161,2143,1909,3,F
694,1,328654,1350,1254,404,2685,1247,1067,2,F
614,1,366721,1494,1266,81,9963,1327,1173,2,F
694,1,330697,1350,1185,679,11574,1583,1339,3,F
694,1,325299,1350,1144,3,0,1227,1068,2,F
694,1,306134,1350,1259,395,10049,1371,1228,2,F
694,1,314071,1350,1183,224,0,1267,1076,2,F
619,1,289800,1287,1056,882,0,1546,1340,3,F
614,1,390600,1575,1296,8211,0,1846,1684,4,F
614,1,390600,1575,1501,2897,0,1363,1227,2,F
614,1,390600,1575,1369,3031,0,1036,876,2,F
619,1,289800,1287,1151,219,0,1224,1041,2,F
698,1,270000,1350,1275,0,0,1846,1593,3,F
622,2,746460,0,0,297183,13732,1422,1259,3,G
673,1,152000,760,724,0,0,2014,1699,3,F
629,1,135000,500,444,0,0,1535,1252,2,F
673,1,152000,760,690,0,0,1742,1482,3,F
673,1,152000,760,667,0,0,1249,991,2,F
629,1,135000,500,486,0,0,1404,1176,2,F
694,1,364649,1500,1341,178,5254,2439,2224,4,F
694,1,363084,1500,1358,509,8159,2046,1727,3,F
694,1,358429,1500,1248,1925,0,948,723,2,F
614,1,399617,1648,1089,56,0,892,688,1,F
698,1,316431,1280,1073,131,0,1243,1050,2,F
694,1,330439,1500,1261,110,0,1057,856,2,F
694,1,362195,1500,1472,501,5817,2229,1971,3,F
634,1,433068,1790,1663,259,1960,1608,1403,3,F
634,1,438317,1790,1618,255,0,1233,1031,2,F
698,1,349081,1280,916,0,0,1203,1008,2,F
612,1,346000,1430,1332,3391,0,1576,1408,3,F
619,1,322000,1430,1178,321,0,1066,888,2,F
614,1,434000,1750,1691,1259,0,1049,885,2,F
612,1,380600,1573,1359,2736,0,1534,1336,3,F
619,1,322000,1430,1336,1541,0,912,737,1,F
612,1,346000,1430,1329,2418,0,1610,1450,3,F
619,1,322000,1430,1366,5484,0,1475,1225,2,F
677,1,190920,700,670,0,0,1452,1161,2,F
698,1,300000,1500,1287,0,0,2283,1999,3,F
698,1,300000,1500,1366,0,0,999,769,2,F
698,1,300000,1500,1436,0,0,1057,835,2,F
691,2,1057707,0,0,247774,0,2182,1882,2,G
626,2,1253301,0,0,932323,0,1438,1179,2,G
675,1,111180,500,403,0,0,1003,758,2,F
675,1,111180,500,422,0,0,1056,852,2,F
405,1,4500,19,13,0,0,73,60,1,F
405,1,4500,19,11,0,0,66,52,1,F
479,1,16000,80,77,0,0,946,831,1,F
479,1,14400,72,64,0,0,820,718,1,F
698,1,378906,1452,1341,1607,0,2481,2190,4,F
629,1,148500,550,477,0,0,1065,854,1,F
614,1,439369,1826,1750,78,3181,2505,2261,3,F
694,1,400501,1650,1180,147,0,1764,1491,2,F
694,1,394420,1650,1532,384,1871,2082,1848,3,F
614,1,399135,1660,1609,763,3248,1497,1304,3,F
634,1,505928,1957,1689,0,6198,955,680,1,F
634,1,471648,1969,1761,351,0,1415,1186,2,F
614,1,457245,1814,1619,1621,11123,1605,1388,2,F
614,1,453758,1814,1216,318,0,1039,768,1,F
614,1,477400,1925,1806,2751,0,2060,1860,3,F
619,1,354200,1573,1499,9031,0,1537,1274,2,F
614,1,477400,1925,1838,88,0,1096,892,2,F
619,1,354200,1573,1517,1139,0,1066,900,2,F
698,1,330000,1650,1388,0,0,1572,1308,2,F
698,1,330000,1650,1401,0,0,1429,1156,2,F
675,1,122298,550,503,0,0,1742,1447,3,F
694,1,486200,1950,1704,0,0,2982,2629,4,F
694,1,486200,1950,1770,0,0,3498,3020,4,F
631,1,211320,840,776,0,0,1496,1229,2,F
631,1,211320,840,761,0,0,1709,1440,2,F
629,1,158500,600,528,0,0,2006,1761,2,F
694,1,470394,1950,1716,3504,4317,1429,1185,2,F
698,1,427827,1536,1426,186,6256,2385,2072,3,F
614,1,487206,1980,1878,79,10278,2000,1718,3,F
694,1,408503,1800,1731,616,8809,1420,1127,2,F
614,1,458261,1980,1873,90,0,1829,1542,2,F
634,1,470478,2112,1577,37,6299,1413,1120,2,F
694,1,432929,1800,1543,500,7881,1574,1327,2,F
619,1,386400,1716,1498,2576,0,1789,1552,3,F
622,2,761644,0,0,147172,0,1101,933,2,G
675,1,133416,600,520,0,0,1451,1128,2,F
698,1,1313000,2028,1874,0,0,2238,1986,3,F
698,1,1313000,2028,1776,0,0,1992,1686,3,F
698,1,447798,1716,1492,4,0,3306,2811,4,F
631,1,241380,909,762,0,0,1153,823,1,F
629,1,172000,650,501,0,0,1758,1468,2,F
694,1,441252,1950,1495,719,8615,1090,862,1,F
614,1,580110,2324,1903,4017,0,1386,1110,2,F
614,1,520827,2146,1926,187,0,1705,1415,2,F
614,1,534595,2158,1870,243,8853,1092,792,1,F
614,1,535027,2158,1836,357,0,1655,1405,2,F
694,1,460703,1950,1772,285,16658,2637,2328,4,F
634,1,555504,2327,2217,5,3446,2883,2598,4,F
698,1,453556,1664,1579,484,173,2935,2655,3,F
694,1,458537,1950,1724,2,64,1741,1442,2,F
698,1,390000,1950,1648,0,0,1276,902,2,F
694,1,471600,2340,2259,0,0,1661,1337,2,F
698,1,390000,1950,1855,0,0,1256,1016,2,F
694,1,471600,2340,2180,0,0,1402,1102,2,F
698,1,390000,1950,1820,0,0,2557,2231,3,F
698,1,390000,1950,1849,0,0,2213,1919,3,F
698,1,390000,1950,1862,0,0,2797,2502,3,F
698,1,390000,1950,1853,0,0,2058,1642,3,F
622,2,821902,0,0,540673,0,1833,1503,2,G
629,1,185500,700,596,0,0,1726,1383,2,F
694,1,503832,2100,1486,405,0,1190,897,1,F
614,1,577161,2288,2007,56,1459,1698,1393,2,F
614,1,548961,2324,2082,111,1,1800,1578,2,F
614,1,569672,2324,1877,20,0,1563,1210,2,F
698,1,440142,1664,1586,2188,1588,1870,1499,2,F
614,1,576876,2312,2069,47,34416,1327,983,1,F
614,1,582620,2324,2031,81,0,1779,1505,2,F
614,1,589824,2324,1929,12,0,2003,1725,2,F
619,1,450800,2002,1910,8741,0,1585,1353,2,F
614,1,607600,2450,2359,4467,0,3355,3044,4,F
699,1,644000,3220,2967,0,0,2221,1912,3,F
699,1,644000,3220,2602,0,0,2095,1764,3,F
673,1,228000,1140,1007,0,0,2765,2376,3,F
629,1,199000,750,644,0,0,2378,1949,2,F
673,1,228000,1140,1053,0,0,2578,2121,3,F
614,1,537403,2490,2081,217,0,1074,786,1,F
614,1,609778,2490,2231,70,8661,2661,2340,3,F
634,1,668947,2673,2331,27,37245,1374,1074,1,F
614,1,578658,2490,2302,435,15902,3004,2647,3,F
677,1,267288,980,932,0,0,1636,1239,2,F
694,1,543600,2700,2455,0,0,1838,1504,2,F
694,1,543600,2700,2373,0,0,2240,1769,2,F
732,2,2590926,0,0,1163906,0,2070,1605,2,G
675,1,166770,750,637,0,0,1635,1349,2,F
675,1,166770,750,565,0,0,1521,1187,2,F
675,1,166770,750,569,0,0,1679,1389,2,F
673,1,271500,1140,1004,0,0,2946,2327,3,F
673,1,271500,1140,1024,0,0,2358,1865,3,F
888,1,785440,2880,2613,690,365,2875,2547,3,F
629,1,212500,800,605,0,0,2013,1594,2,F
614,1,641859,2656,2324,316,0,1167,831,1,F
694,1,545897,2400,2187,615,6609,1647,1320,2,F
698,1,491612,2048,1854,0,0,4016,3537,4,F
614,1,606415,2656,2427,437,8373,2417,2000,3,F
614,1,643870,2644,2296,182,13668,2122,1791,2,F
677,1,305472,1120,985,0,0,2420,2037,2,F
694,1,578400,2880,2812,0,0,2693,2322,3,F
694,1,578400,2880,2728,0,0,2405,2021,3,F
698,1,480000,2400,2234,0,0,1954,1564,2,F
698,1,480000,2400,2227,0,0,2738,2222,3,F
698,1,480000,2400,1813,0,0,1900,1405,2,F
698,1,480000,2400,2302,0,0,3071,2622,3,F
622,2,1013557,0,0,317135,0,1628,1405,2,G
622,2,1013764,0,0,321148,0,2418,2100,3,G
622,2,1012365,0,0,482374,0,2221,1889,2,G
732,2,2753758,0,0,1382593,0,2295,1899,2,G
622,2,1013557,0,0,660324,0,2583,2318,3,G
675,1,177888,800,707,0,0,1653,1397,2,F
675,1,177888,800,708,0,0,2198,1875,2,F
458,1,32000,128,117,0,0,1409,1220,1,F
458,1,32000,128,121,0,0,1345,1145,1,F
622,1,898280,3582,3355,285,0,2016,1643,2,F
622,1,848520,3383,3222,926,1925,3209,2726,3,F
631,1,299370,1190,1059,0,0,1722,1361,2,F
673,1,258400,1292,807,0,0,1398,1001,1,F
631,1,318580,1190,1129,0,0,1833,1290,2,F
673,1,258400,1292,1048,0,0,2416,1928,2,F
631,1,318580,1190,1124,0,0,1728,1412,2,F
673,1,258400,1292,1098,0,0,2161,1782,2,F
698,1,557128,2176,1932,252,8621,3079,2732,3,F
634,1,718383,3043,2665,466,0,1203,851,1,F
634,1,837542,3401,3223,503,8119,3311,2842,3,F
634,1,800721,3043,2875,113,2806,2409,2019,2,F
694,1,619723,2550,2193,287,2039,1874,1496,2,F
698,1,590285,2176,1985,87,0,2315,2013,2,F
614,1,638180,2656,2494,791,5323,2527,2212,3,F
634,1,723450,3031,2721,1632,15235,3356,3023,3,F
634,1,772241,3019,2500,145,0,2472,2104,2,F
619,1,547400,2431,2123,3577,0,1975,1626,2,F
698,1,510000,2550,2319,0,0,2657,2337,2,F
694,1,612000,3060,2891,0,0,3045,2580,3,F
698,1,510000,2550,2433,0,0,2556,2114,2,F
694,1,614400,3060,2934,0,0,2668,2142,3,F
675,1,189006,850,679,0,0,1972,1649,2,F
631,1,337320,1260,918,0,0,1822,1442,2,F
673,1,273600,1368,1058,0,0,3120,2687,2,F
631,1,336080,1260,888,0,0,1985,1417,2,F
673,1,273600,1368,1184,0,0,2908,2250,2,F
631,1,334840,1260,873,0,0,1572,1199,1,F
634,1,773884,3222,2893,546,0,1334,994,1,F
614,1,738198,2988,2741,1405,18722,3554,3171,3,F
698,1,632007,2304,2115,2694,3387,2874,2509,3,F
698,1,614952,2304,2160,517,1185,2499,2059,2,F
634,1,769195,3222,3066,303,8184,3226,2794,3,F
614,1,737711,2988,2620,361,0,2641,2312,2,F
698,1,644372,2304,2097,190,0,2688,2323,2,F
694,1,654372,2700,1747,2929,16797,1519,1133,1,F
694,1,646522,2700,2494,1156,1283,2003,1671,2,F
694,1,586479,2700,2222,342,14959,1395,1034,1,F
634,1,806903,3222,3047,983,23360,4006,3573,4,F
614,1,781200,3150,2922,2500,0,1912,1561,2,F
677,1,324564,1190,1052,0,0,1701,1282,2,F
675,1,200124,900,801,0,0,845,381,1,F
675,1,200124,900,769,0,0,732,315,1,F
675,1,200124,900,677,0,0,1958,1656,2,F
691,2,1846385,0,0,567627,0,1556,1172,1,G
691,2,1849732,0,0,1175210,26302,1514,1151,1,G
691,2,1931611,0,0,856546,0,2387,1952,2,G
691,2,1926720,0,0,1399292,0,2152,1816,2,G
691,2,1932711,0,0,1331386,0,2207,2005,2,G
631,1,353580,1330,799,0,0,1474,1081,1,F
631,1,356060,1330,1235,0,0,2895,2334,3,F
673,1,288800,1444,988,0,0,1387,990,1,F
698,1,629688,2432,2334,688,16317,4774,4372,4,F
698,1,663289,2432,1451,0,0,1884,1335,2,F
698,1,664139,2432,2272,1529,0,1805,1460,2,F
698,1,600835,2432,2077,324,0,2954,2536,2,F
634,1,814602,3401,3116,575,3060,2811,2437,3,F
614,1,799521,3130,2211,837,7032,1966,1580,2,F
698,1,673686,2432,2274,262,0,2578,2200,2,F
634,1,843265,3401,2356,684,24519,2286,1965,2,F
889,1,2143463,4788,4382,17245,2,2984,2357,2,F
698,1,622352,2432,1495,171,0,1701,1376,1,F
614,1,793158,3142,2518,413,0,2321,1955,2,F
698,1,646737,2432,1960,72,0,2375,1978,2,F
889,1,2244789,4788,4400,196833,858,2857,2117,2,F
694,1,689028,2850,2747,916,21458,4254,3700,4,F
677,1,362748,1330,1220,0,0,1506,1073,1,F
677,1,362748,1330,1203,0,0,1451,996,1,F
677,1,362748,1330,1222,0,0,3233,2748,3,F
677,1,362748,1330,1232,0,0,1693,1251,1,F
677,1,362748,1330,1144,0,0,2038,1604,2,F
698,1,570000,2850,2198,0,0,2766,2215,2,F
622,2,1193619,0,0,738980,0,2010,1614,2,G
622,2,1201649,0,0,620058,0,1954,1532,2,G
691,2,2010808,0,0,1402901,0,2805,2369,2,G
631,1,352200,1400,1231,0,0,4005,3292,3,F
631,1,352200,1400,642,0,0,2315,1845,2,F
631,1,334590,1330,1219,0,0,2870,2469,3,F
631,1,354800,1380,893,0,0,1421,1000,1,F
673,1,304000,1520,1309,0,0,3681,3245,3,F
673,1,304000,1520,1343,0,0,2030,1487,2,F
629,1,266500,1000,727,0,0,2218,1691,2,F
631,1,372320,1400,1359,0,0,2552,1975,2,F
673,1,304000,1520,1266,0,0,2935,2249,2,F
673,1,304000,1520,1489,0,0,2190,1671,2,F
631,1,354820,1330,1264,0,0,2619,2186,2,F
694,1,670867,3000,2599,1573,12928,2523,2145,2,F
694,1,682346,3000,2835,851,0,4026,3612,3,F
694,1,708842,3000,2533,822,0,3650,3187,3,F
694,1,719949,3000,2539,164,0,1666,1280,1,F
698,1,703814,2560,1873,12,0,1706,1318,1,F
614,1,833604,3308,2451,370,0,2692,2322,2,F
698,1,700428,2560,2357,1076,5556,1870,1405,2,F
694,1,722077,3000,2185,64,0,1777,1365,1,F
694,1,713797,3000,2786,918,10407,3481,3041,3,F
694,1,708101,3000,2694,311,1009,2699,2346,2,F
694,1,704610,3000,2630,1695,6890,2400,2015,2,F
694,1,686159,3000,2341,252,0,1933,1466,1,F
614,1,868000,3500,3315,14047,0,3262,2849,3,F
694,1,721200,3600,3185,0,0,1851,1443,2,F
694,1,721200,3600,3192,0,0,2196,1749,2,F
698,1,600000,3000,2392,0,0,3268,2636,2,F
888,1,1030890,3779,3556,3649,1757,2472,2069,2,F
631,1,352200,1400,1220,0,0,1546,1138,1,F
629,1,283500,1050,852,0,0,2460,1834,2,F
673,1,319200,1596,1345,0,0,1596,1102,1,F
629,1,276500,1050,987,0,0,2662,2145,2,F
631,1,372540,1449,1004,0,0,1324,938,1,F
614,1,810902,3320,3030,348,37051,3778,3266,3,F
694,1,760416,3150,2821,182,0,4590,4250,4,F
614,1,869700,3474,3082,1835,7869,2322,1866,2,F
698,1,750536,2688,2389,211,0,2682,2331,2,F
694,1,761150,3150,2839,2737,27576,3179,2771,2,F
698,1,753016,2688,2401,559,12762,3424,3000,3,F
634,1,839000,3735,3102,623,0,3198,2731,2,F
634,1,856207,3759,3465,235,25409,4348,3860,4,F
698,1,706542,2560,2346,38,0,3352,2877,3,F
698,1,737222,2688,2571,899,14408,2117,1720,2,F
698,1,722018,2688,2463,179,0,2645,2249,2,F
698,1,675319,2560,2399,2057,9608,4983,4388,4,F
694,1,720003,3150,2854,85,17626,4244,3817,3,F
694,1,714355,3150,2937,1033,12299,2884,2409,2,F
614,1,830193,3486,3323,371,2418,4615,4185,4,F
612,1,726600,3003,2247,6073,0,4452,4045,4,F
614,1,911400,3675,1683,6063,0,2693,2402,2,F
614,1,911400,3675,2102,3689,0,2969,2629,3,F
614,1,911400,3675,3148,6210,0,1652,1286,1,F
677,1,400932,1469,1354,0,0,2035,1509,2,F
416,2,74800,0,0,35966,0,1532,1329,1,G
416,2,74800,0,0,21747,0,471,344,1,G
631,1,369810,1470,1332,0,0,3331,2688,3,F
631,1,387420,1540,1184,0,0,1249,690,1,F
631,1,387420,1540,1171,0,0,2598,2123,2,F
631,1,409800,1540,696,0,0,3192,2635,2,F
673,1,334400,1672,1581,0,0,3308,2713,2,F
629,1,297000,1100,779,0,0,2589,2110,2,F
631,1,411040,1540,1379,0,0,2846,2376,2,F
673,1,334400,1672,1215,0,0,1882,1482,1,F
698,1,759201,2816,2543,118,22653,4775,4283,4,F
694,1,793919,3300,3055,1536,11430,1738,1344,1,F
698,1,775888,2816,2489,262,0,4319,3800,3,F
698,1,787877,2816,1559,70,0,3260,2774,2,F
627,1,2178105,7913,6174,17922,18900,3425,2775,2,F
694,1,772058,3300,3078,1186,0,5580,4906,4,F
694,1,711169,3150,2855,102,1749,2679,2083,2,F
698,1,706175,2816,2673,738,845,3810,3363,3,F
694,1,764309,3300,2966,171,20983,2148,1605,1,F
694,1,784666,3300,2615,848,4261,3173,2747,2,F
698,1,762468,2816,2661,116,0,5111,4631,3,F
634,1,1005021,3938,3690,1894,13457,2840,2358,2,F
698,1,641670,2816,2037,31,0,2991,2517,2,F
612,1,761200,3146,2872,7027,0,4005,3632,3,F
614,1,954800,3850,3714,21316,0,3486,3055,3,F
614,1,954800,3850,3766,1479,0,4790,4291,4,F
677,1,420024,1540,1430,0,0,3749,3117,3,F
694,1,798000,3960,3289,0,0,2178,1641,2,F
694,1,798000,3960,3366,0,0,2039,1551,2,F
416,2,77000,0,0,35960,0,1532,1329,1,G
622,2,1385637,0,0,576847,0,2790,2357,2,G
416,2,77000,0,0,21715,0,471,345,1,G
416,2,77000,0,0,11749,0,1516,1388,1,G
622,2,1387471,0,0,824702,0,2906,2451,2,G
691,2,2360599,0,0,552896,0,2939,2474,2,G
631,1,405030,1610,1245,0,0,1194,634,1,F
631,1,440250,1750,1602,0,0,2159,1583,1,F
631,1,405030,1610,1484,0,0,1601,1065,1,F
629,1,307000,1150,1064,0,0,2084,1348,1,F
673,1,349600,1748,1645,0,0,4532,3933,3,F
673,1,349600,1748,1532,0,0,3294,2614,2,F
673,1,349600,1748,1650,0,0,4319,3722,3,F
629,1,307000,1150,1087,0,0,1801,1269,1,F
673,1,349600,1748,1653,0,0,2726,2115,2,F
673,1,349600,1748,1379,0,0,3533,2888,2,F
673,1,349600,1748,1578,0,0,2748,2110,2,F
673,1,349600,1748,1367,0,0,2242,1746,1,F
673,1,349600,1748,1652,0,0,2622,2011,2,F
629,1,310500,1150,1023,0,0,3596,2881,2,F
629,1,303500,1150,996,0,0,3623,2957,2,F
631,1,428540,1610,1102,0,0,3002,2410,2,F
634,1,1053224,4117,3699,660,0,2362,1927,2,F
634,1,969154,4117,3729,3280,0,2586,2099,2,F
698,1,807479,2944,2485,507,0,1900,1474,1,F
694,1,748476,3450,2105,488,0,2106,1667,1,F
698,1,757346,2944,2706,703,0,2267,1768,1,F
634,1,999993,4117,3887,797,41239,5553,4854,4,F
614,1,943700,3794,3365,574,21015,2297,1855,2,F
627,1,2290381,8277,6738,129167,24,3378,2606,2,F
612,1,795800,3289,2635,279,0,5079,4581,3,F
614,1,998200,4025,3760,3097,0,2477,2102,2,F
612,1,761200,3146,2970,745,0,4135,3727,3,F
614,1,998200,4025,3708,3409,0,4071,3622,3,F
614,1,998200,4025,2760,10538,0,3697,3315,3,F
614,1,998200,4025,3476,4522,0,2294,1953,2,F
677,1,439116,1609,1450,0,0,4331,3727,3,F
677,1,439116,1609,1269,0,0,2505,1967,2,F
675,1,255714,1150,1046,0,0,3820,3296,3,F
675,1,244596,1100,1009,0,0,4108,3721,3,F
675,1,230000,1150,1096,0,0,3682,3167,2,F
675,1,230000,1150,916,0,0,3358,2861,2,F
608,1,717600,2640,2486,1529,1008,3959,3556,3,F
608,1,717600,2640,2380,1,1293,3665,3161,3,F
631,1,440250,1750,1462,0,0,2605,1988,2,F
631,1,405030,1610,1157,0,0,1896,1491,1,F
629,1,324000,1200,1059,0,0,3528,2812,2,F
629,1,324000,1200,925,0,0,3945,3314,2,F
631,1,447280,1680,1489,0,0,3793,3158,2,F
629,1,320500,1200,1061,0,0,2797,2170,2,F
614,1,971593,3972,3522,201,0,2464,1993,2,F
634,1,1200038,4463,3576,27,7209,3137,2540,2,F
694,1,859025,3600,3070,610,7504,2883,2440,2,F
614,1,1009889,3936,3383,4871,14152,2556,2054,2,F
634,1,938261,4117,3898,493,0,5314,4840,4,F
694,1,846278,3600,2282,388,0,1835,1351,1,F
622,1,999794,4056,3552,1252,0,10354,9830,7,F
622,1,996961,4056,3711,5028,0,10426,9826,7,F
614,1,948399,3972,3779,5719,27470,4942,4384,4,F
634,1,1014240,4296,4189,491,0,6149,5423,4,F
694,1,768301,3600,2917,229,0,1979,1536,1,F
698,1,654428,3072,2327,219,0,2021,1444,1,F
622,1,1158310,4056,3052,5865,0,9492,9038,7,F
622,1,1156427,4056,3450,1858,0,9395,8906,7,F
698,1,779974,3072,2594,377,0,2309,1896,2,F
614,1,1041600,4200,3865,2184,0,2416,2030,2,F
612,1,830400,3432,3238,3203,0,4580,4142,3,F
612,1,830400,3432,3283,996,0,5175,4728,3,F
614,1,1041600,4200,4050,2376,0,2947,2521,2,F
614,1,1041600,4200,3856,1103,0,3388,2931,2,F
677,1,458208,1680,1627,0,0,3153,2621,2,F
677,1,458208,1679,1289,0,0,2363,1847,2,F
677,1,458208,1679,1547,0,0,4219,3618,3,F
677,1,439116,1610,1365,0,0,2362,1908,2,F
694,1,868800,4320,3723,0,0,2096,1555,1,F
694,1,868800,4320,3458,0,0,2556,1837,1,F
416,2,84000,0,0,40688,0,1796,1630,1,G
675,1,240000,1200,962,0,0,3134,2557,2,F
479,1,38400,192,176,0,0,1986,1672,1,F
631,1,440250,1750,1602,0,0,4439,3827,3,F
673,1,380000,1900,1698,0,0,4249,3519,2,F
631,1,466020,1750,1516,0,0,3135,2527,2,F
614,1,1000021,4138,4020,2585,11777,6766,6127,4,F
698,1,792164,3200,2770,73,0,5458,4872,3,F
614,1,1018725,4126,3610,2093,21199,4310,3666,3,F
614,1,992355,4138,3660,3285,0,2817,2274,2,F
698,1,876454,3200,2745,3913,0,4688,4034,3,F
698,1,851692,3200,2893,384,13475,3973,3299,2,F
614,1,955614,4102,4022,591,21700,3264,2442,2,F
614,1,921417,4138,3668,167,2678,3109,2458,2,F
698,1,890467,3200,2777,1068,1429,3344,2845,2,F
614,1,1085000,4375,4063,12170,0,2923,2385,2,F
614,1,1085000,4375,3748,8631,0,3262,2825,2,F
677,1,477300,1750,1666,0,0,2361,1739,1,F
698,1,750000,3750,3543,0,0,2104,1558,1,F
698,1,750000,3750,3589,0,0,3005,2390,2,F
698,1,750000,3750,3157,0,0,2737,2050,2,F
698,1,750000,3750,3477,0,0,2151,1393,1,F
698,1,750000,3750,3592,0,0,3528,2879,2,F
416,2,88400,0,0,40799,0,1612,1453,1,G
631,1,457860,1820,1693,0,0,3899,3301,2,F
631,1,457860,1820,1519,0,0,2398,1888,1,F
631,1,484760,1820,1369,0,0,3759,3211,2,F
673,1,395200,1976,1878,0,0,4531,3928,3,F
631,1,487240,1820,1537,0,0,4181,3467,3,F
673,1,395200,1976,1538,0,0,2454,1791,1,F
631,1,484760,1820,1409,0,0,3391,2687,2,F
629,1,344000,1300,1036,0,0,3422,2784,2,F
673,1,395200,1976,1876,0,0,2957,2403,2,F
629,1,351000,1300,857,0,0,2930,2272,2,F
673,1,395200,1976,1856,0,0,2646,1984,1,F
629,1,344000,1300,1034,0,0,3823,3293,2,F
698,1,923286,3328,2976,92,0,2323,1790,2,F
634,1,1099589,4654,4320,1002,9892,2656,2108,2,F
694,1,916944,3900,3602,91,0,3742,3218,2,F
614,1,1128400,4550,4367,5586,0,3451,2976,2,F
612,1,830400,3432,3362,5171,0,5018,4494,4,F
612,1,934200,3861,3680,1221,0,4699,4132,3,F
612,1,899600,3718,3526,6116,0,6369,5728,4,F
614,1,1128400,4550,3776,1335,0,3176,2730,2,F
698,1,780000,3900,3208,0,0,2971,2372,2,F
694,1,942000,4680,3677,0,0,3674,3054,2,F
698,1,780000,3900,3388,0,0,2890,2297,2,F
694,1,942000,4680,4463,0,0,4297,3573,2,F
698,1,780000,3900,3674,0,0,2894,2159,2,F
416,2,91000,0,0,40799,0,1609,1453,1,G
612,1,886237,3303,2861,122,7052,2839,2350,2,F
612,1,886237,3303,2982,816,7011,3177,2555,2,F
675,1,289068,1300,1231,0,0,2518,1888,2,F
675,1,289068,1300,1208,0,0,1556,957,1,F
675,1,289068,1300,880,0,0,1574,943,1,F
479,1,41600,208,114,0,0,1458,1207,1,F
479,1,41600,208,93,0,0,1412,1194,1,F
479,1,41600,208,193,0,0,2085,1772,1,F
631,1,510690,2030,1906,0,0,2763,2034,2,F
631,1,475470,1890,1722,0,0,3388,2626,2,F
631,1,457860,1820,1681,0,0,2465,1891,1,F
631,1,503500,1890,1573,0,0,4640,3998,3,F
673,1,410400,2052,1860,0,0,4266,3504,3,F
629,1,364500,1350,1016,0,0,2929,2267,2,F
673,1,410400,2052,1387,0,0,2233,1572,1,F
673,1,410400,2052,1997,0,0,2633,1832,1,F
629,1,364500,1350,1134,0,0,3914,3104,2,F
634,1,1115121,4821,4385,2034,29315,5432,4751,3,F
634,1,1181822,4833,3896,3289,14285,2905,2300,2,F
614,1,1107148,4410,3647,2449,12484,3174,2694,2,F
698,1,967461,3456,2703,542,5063,3951,3419,2,F
698,1,912709,3456,3283,1082,17166,2715,2180,2,F
614,1,1049430,4410,3716,444,2777,3566,3062,2,F
612,1,934200,3861,3488,2312,0,6471,6022,4,F
614,1,1171800,4725,4554,12594,0,6626,6136,4,F
614,1,1171800,4725,4330,22565,0,7495,6622,4,F
614,1,1171800,4725,4551,7042,0,4352,3760,3,F
614,1,1171800,4725,4227,5294,0,3219,2751,2,F
677,1,515484,1890,1667,0,0,1191,534,1,F
677,1,515484,1890,1616,0,0,3439,2763,2,F
740,2,5177242,0,0,2198850,0,3781,2932,2,G
614,1,967900,3840,2610,569,0,5020,4498,4,F
698,1,1013500,3584,3163,466,0,2972,2386,2,F
622,1,1301100,4754,2489,0,0,3313,2524,2,F
614,1,1126200,4480,4196,80,0,4003,3130,2,F
699,1,1405600,5068,4330,250,5277,7068,6225,4,F
698,1,1013500,3584,3296,431,3077,2823,2236,2,F
694,1,1127491,4640,4451,922,257,4696,4025,3,F
631,1,510690,2030,1686,0,0,2669,2025,1,F
631,1,493080,1960,1643,0,0,3126,2576,2,F
631,1,524720,1960,1767,0,0,4913,4218,3,F
673,1,425600,2128,1880,0,0,4492,3481,2,F
629,1,378000,1400,1111,0,0,2252,1630,1,F
629,1,378000,1400,1040,0,0,2482,1952,1,F
614,1,1020305,4576,4160,915,359,3481,2933,2,F
634,1,1094514,5012,4629,167,0,6544,5733,3,F
634,1,1170629,4833,4488,480,0,5217,4687,3,F
614,1,1215200,4900,4400,951,0,4730,4234,3,F
698,1,840000,4200,3949,0,0,5331,4772,3,F
698,1,840000,4200,3838,0,0,3447,2848,2,F
694,1,1016400,5040,4765,0,0,4228,3453,2,F
698,1,840000,4200,3890,0,0,6339,5555,3,F
698,1,840000,4200,3981,0,0,3960,3121,2,F
694,1,1013600,5040,4466,0,0,4530,3850,3,F
699,1,1276800,6384,5775,0,0,6147,5620,4,F
699,1,1276800,6384,5583,0,0,6966,6147,4,F
694,1,1013600,5040,4792,0,0,4161,3463,2,F
638,1,525460,2015,1648,0,0,3165,2479,2,F
675,1,311304,1400,1038,0,0,2936,2363,2,F
675,1,280000,1400,1158,0,0,4293,3443,2,F
614,1,1166600,4640,3826,195,521,4768,3401,2,F
699,1,1455800,5249,4379,201,2423,6998,6063,4,F
622,1,1351200,4938,3286,0,0,3568,2967,2,F
631,1,501885,1890,1193,0,0,3287,2635,2,F
629,1,388000,1450,1346,0,0,2490,1728,1,F
631,1,538270,2030,1587,0,0,3775,2996,2,F
634,1,1251431,5191,4615,3997,41631,5065,4241,3,F
634,1,1268046,5191,4558,1502,0,3786,3223,2,F
627,1,2943917,10556,9532,175205,9451,4168,3271,2,F
698,1,1029335,3712,3446,1307,12336,3147,2485,2,F
887,1,2330529,6351,5596,54130,1818,4864,3659,2,F
627,1,2919836,10556,9571,111333,592,3836,3092,2,F
612,1,1003400,4147,3896,1841,0,4072,3524,3,F
614,1,1302000,5250,4516,3713,0,4131,3608,2,F
614,1,1258600,5075,4540,8163,0,7550,6455,4,F
612,1,1003400,4147,3210,409,0,4633,4131,3,F
677,1,553668,2030,1757,0,0,5151,4470,3,F
694,1,1044000,5220,5027,0,0,5792,4673,3,F
694,1,1045200,5220,4719,0,0,4723,4007,3,F
694,1,1053600,5220,4577,0,0,4647,3946,2,F
698,1,870000,4350,4100,0,0,3930,3399,2,F
698,1,870000,4350,4038,0,0,6787,5863,3,F
698,1,870000,4350,4210,0,0,4024,3229,2,F
694,1,1049800,5220,4442,0,0,3961,3283,2,F
694,1,1044000,5220,4446,0,0,4108,3390,2,F
694,1,1044000,5220,4242,0,0,3972,3417,2,F
694,1,1049800,5220,4925,0,0,3738,2853,2,F
694,1,1049800,5220,4613,0,0,5088,4494,3,F
694,1,1049800,5220,4846,0,0,3919,3247,2,F
694,1,1038200,5220,4690,0,0,3573,2833,2,F
694,1,1049800,5220,4826,0,0,3927,3177,2,F
638,1,565880,2173,1885,23,0,3662,2883,2,F
638,1,586090,2249,1099,0,0,2557,1902,1,F
638,1,586090,2249,1213,0,0,2455,1718,1,F
614,1,1279360,5088,4548,1673,2297,5593,4826,3,F
614,1,1279360,5088,4472,3374,0,4860,3962,3,F
675,1,322422,1450,1104,0,0,2350,1760,1,F
675,1,311304,1400,1155,0,0,2286,1747,1,F
699,1,1551000,5610,4970,0,0,3266,2559,2,F
699,1,1551000,5610,5219,5603,17270,3185,2431,2,F
694,1,1127491,4633,4272,3000,0,5368,4547,3,F
694,1,1088612,4477,4155,4997,0,4653,4007,3,F
694,1,1166370,4791,4616,934,717,5309,4654,3,F
631,1,528300,2100,1101,0,0,1508,789,1,F
631,1,528300,2100,1074,0,0,1635,926,1,F
629,1,401500,1500,1377,0,0,2938,2238,2,F
631,1,562200,2100,1822,0,0,4063,3280,2,F
629,1,398000,1500,1409,0,0,3688,2948,2,F
673,1,456000,2280,2140,0,0,3705,2890,2,F
631,1,560960,2100,1635,0,0,4205,3476,2,F
629,1,401500,1500,1231,0,0,3347,2703,2,F
629,1,401500,1500,1230,0,0,3246,2564,2,F
631,1,562200,2100,1821,0,0,4303,3398,2,F
629,1,398000,1500,1002,0,0,3148,2541,2,F
627,1,2836187,10920,9692,64061,94184,12598,11911,7,F
634,1,1299030,5370,4629,694,0,3800,3191,2,F
627,1,3031887,10920,10120,344222,42972,11691,10842,7,F
887,1,2421885,6570,6022,314830,13993,4260,3393,2,F
698,1,979905,3840,3015,639,0,2820,2096,1,F
634,1,1256246,5370,5095,345,39216,4779,4153,2,F
634,1,1222413,5358,4659,1139,6242,4553,3799,3,F
612,1,1038000,4290,4156,7094,0,6067,5545,4,F
614,1,1302000,5250,4468,7290,0,4374,3823,2,F
612,1,1038000,4290,4114,5114,0,7565,6396,4,F
612,1,1038000,4290,4158,1784,0,6491,5951,4,F
677,1,572760,2099,1973,0,0,4624,3833,3,F
699,1,1380000,6900,6530,0,0,4162,3286,2,F
699,1,1380000,6900,5709,0,0,5787,5062,3,F
698,1,900000,4500,4265,0,0,6232,5512,3,F
694,1,1082400,5400,4684,0,0,5675,4752,3,F
698,1,900000,4500,4166,0,0,6180,5492,4,F
698,1,900000,4500,3970,0,0,3028,2451,2,F
694,1,1083600,5400,4906,0,0,5404,4443,3,F
698,1,900000,4500,4042,0,0,5250,4502,3,F
699,1,1380000,6900,5791,0,0,3878,3036,2,F
699,1,1380000,6900,6024,0,0,5128,4413,3,F
698,1,900000,4500,4238,0,0,5439,4776,3,F
698,1,900000,4500,4019,0,0,3491,2603,2,F
698,1,900000,4500,4253,0,0,5717,5053,3,F
699,1,1380000,6900,5830,0,0,3450,2644,2,F
694,1,1094400,5400,5262,0,0,6810,6007,4,F
699,1,1380000,6900,6427,0,0,4050,3318,2,F
694,1,1087200,5400,4884,0,0,6681,6033,4,F
694,1,1110000,5400,5282,0,0,4667,4009,3,F
694,1,1092000,5400,5107,0,0,2729,1901,1,F
699,1,1380000,6900,6484,0,0,4752,4091,2,F
694,1,1081200,5400,4952,0,0,6191,5439,4,F
698,1,900000,4500,4247,0,0,6208,5487,4,F
694,1,1083600,5400,4881,0,0,5341,4699,3,F
694,1,1104000,5400,5035,0,0,4033,3459,2,F
699,1,1380000,6900,6608,0,0,5069,4380,3,F
699,1,1380000,6900,6379,0,0,2552,1925,1,F
699,1,1380000,6900,5959,0,0,3564,2897,2,F
698,1,900000,4500,4193,0,0,6227,5537,4,F
698,1,900000,4500,4219,0,0,3817,2955,2,F
699,1,1380000,6900,6328,0,0,3416,2507,2,F
694,1,1105200,5400,5148,0,0,7391,6495,4,F
698,1,900000,4500,4243,0,0,6637,5973,4,F
699,1,1380000,6900,6482,0,0,4541,3779,2,F
694,1,1087200,5400,4934,0,0,7752,6635,4,F
694,1,1110000,5400,5291,0,0,5112,4362,3,F
694,1,1092000,5400,4940,0,0,3092,2257,1,F
699,1,1380000,6900,6037,0,0,4553,3634,2,F
694,1,1084800,5400,5089,0,0,7638,6518,4,F
698,1,900000,4500,4107,0,0,7504,6384,4,F
698,1,900000,4500,4175,0,0,3001,2338,2,F
694,1,1084800,5400,4543,0,0,6090,5329,3,F
699,1,1380000,6900,6308,0,0,4209,3337,2,F
699,1,1380000,6900,6262,0,0,4603,3723,3,F
699,1,1380000,6900,6107,0,0,2672,1701,1,F
699,1,1380000,6900,6556,0,0,4169,3368,2,F
698,1,900000,4500,4031,0,0,6733,5890,4,F
694,1,1092000,5400,4029,0,0,3221,2597,2,F
698,1,870000,4350,3682,0,0,4365,3529,2,F
694,1,1074000,5400,4741,0,0,3487,2775,2,F
698,1,870000,4350,3987,0,0,4203,3312,2,F
634,1,1227201,5373,4766,923,0,5155,4398,3,F
634,1,1186121,5195,4770,14054,0,4477,3650,3,F
675,1,333540,1500,1222,0,0,4599,3906,3,F
675,1,322422,1450,1273,0,0,5021,4404,3,F
699,1,1602700,5797,5483,1686,227,7604,6581,4,F
673,1,471200,2356,1950,0,0,2886,2101,1,F
673,1,471200,2356,1922,0,0,2997,2194,1,F
629,1,415000,1550,1379,0,0,3340,2622,2,F
673,1,471200,2356,1809,0,0,4913,4164,2,F
629,1,415000,1550,1101,0,0,2903,2205,1,F
673,1,471200,2356,2193,0,0,5148,4188,2,F
673,1,471200,2356,1889,0,0,4532,3814,2,F
698,1,1102165,3968,3211,14,0,2329,1792,1,F
694,1,1088106,4650,4354,186,0,6900,6119,4,F
614,1,1221212,5122,4866,242,10318,6569,5856,4,F
694,1,1115534,4650,4038,2019,13909,3376,2664,2,F
694,1,1081322,4650,4094,697,3066,3153,2509,2,F
634,1,1394238,5549,4744,0,40600,4110,3512,2,F
612,1,1072600,4433,3996,3239,0,4862,4149,3,F
698,1,930000,4650,4458,0,0,6215,5120,3,F
699,1,1426000,7130,6614,0,0,4198,3613,2,F
694,1,1126800,5580,5280,0,0,2588,1925,1,F
694,1,1149600,5580,5327,0,0,4610,3454,2,F
694,1,1126800,5580,5338,0,0,2633,1842,1,F
675,1,344658,1550,1394,0,0,4817,3976,3,F
675,1,344658,1550,1343,0,0,5268,4641,3,F
626,2,3920321,0,0,1946318,279975,4421,3752,3,G
699,1,1388800,6400,5404,0,0,6998,6327,4,F
699,1,1388800,6400,5414,0,0,8730,7221,4,F
694,1,1440725,5907,4522,1599,65,3343,2551,1,F
694,1,1440725,5906,5168,11066,1286,3023,2141,1,F
631,1,563520,2240,1961,0,0,4383,3619,2,F
631,1,597200,2240,1743,0,0,5275,4274,3,F
694,1,1139462,4800,4612,2301,13670,8321,7568,4,F
634,1,1309313,5716,5316,477,8776,6065,5335,3,F
698,1,1136123,4096,3890,214,4306,4399,3742,2,F
614,1,1432200,5775,5118,2890,0,4041,3350,2,F
614,1,1388800,5600,5247,5419,0,7284,6571,4,F
614,1,1388800,5600,5184,5345,0,3486,2917,2,F
612,1,1141800,4719,4319,4652,0,4053,3534,2,F
614,1,1388800,5600,5312,17855,0,8048,6949,4,F
612,1,1107200,4576,4049,7127,0,3774,3246,2,F
677,1,610944,2240,1891,0,0,5091,4255,3,F
698,1,960000,4800,4642,0,0,4425,3685,2,F
698,1,960000,4800,4263,0,0,5007,4061,2,F
626,2,4053241,0,0,2592196,27897,4935,4330,3,G
629,1,442000,1650,1445,0,0,3039,2289,1,F
673,1,501600,2508,2034,0,0,4792,3752,2,F
634,1,1475727,5907,5265,530,59489,6306,5490,3,F
698,1,1105723,4224,3938,1118,52500,3104,2419,1,F
614,1,1432200,5775,5318,1325,0,5598,4851,3,F
614,1,1432200,5775,5196,7280,0,4849,4203,2,F
612,1,1141800,4719,4278,3555,0,3470,2857,2,F
677,1,630036,2309,2209,0,0,5324,4588,2,F
694,1,1191600,5940,5468,0,0,3036,2324,2,F
694,1,1191600,5940,5574,0,0,3548,2783,2,F
740,2,6340967,0,0,2861762,0,4790,3891,2,G
675,1,366894,1650,1458,0,0,4078,3300,2,F
675,1,366894,1650,1207,0,0,3811,3040,2,F
614,1,1363000,5440,4423,1286,39,3852,2913,2,F
629,1,452000,1700,1613,0,0,4141,3246,2,F
698,1,1173503,4224,3904,320,0,4440,3709,2,F
694,1,1213420,5100,4826,9985,6089,4709,3949,2,F
634,1,1402794,6086,5667,936,30119,4298,3322,2,F
614,1,1432200,5775,5383,6857,0,7572,6824,4,F
694,1,1251600,6120,5791,0,0,6357,5390,3,F
675,1,378012,1700,1381,0,0,2594,1937,1,F
888,1,1718150,6300,5660,4926,0,5559,4811,3,F
629,1,465500,1750,1473,0,0,2439,1604,1,F
673,1,532000,2660,2369,0,0,6186,5301,3,F
694,1,1263884,5250,4739,3690,11064,3730,2946,2,F
698,1,1228073,4480,3967,2474,10332,4028,3109,2,F
694,1,1216233,5100,4905,248,0,8453,7373,4,F
698,1,1148023,4352,3980,235,0,4981,4290,2,F
634,1,1499656,6265,5720,598,6559,4823,3969,2,F
698,1,1032355,4480,4076,12,810,4599,3872,2,F
614,1,1519000,6125,5859,5383,0,4983,4254,3,F
614,1,1519000,6125,5678,7416,0,7091,6310,4,F
612,1,1211000,5005,4406,3868,0,6138,5525,3,F
612,1,1211000,5005,4586,2922,0,4302,3672,2,F
614,1,1519000,6125,5159,5450,0,7682,7042,3,F
614,1,1519000,6125,5689,7865,0,4898,4266,2,F
694,1,1294800,6300,5851,0,0,5764,4799,3,F
626,2,4305903,0,0,2576162,0,4926,4147,2,G
626,2,4308926,0,0,3056879,0,5298,4601,2,G
675,1,389130,1750,1561,0,0,2701,2001,1,F
675,1,400248,1800,1694,0,0,2755,1957,1,F
675,1,378012,1700,1456,0,0,3577,2866,2,F
888,1,1767240,6480,6096,2003,1784,6050,5287,3,F
631,1,633960,2520,2229,0,0,6388,5509,3,F
629,1,469000,1750,1487,0,0,5408,4377,2,F
629,1,486000,1800,1519,0,0,3682,2803,2,F
629,1,479000,1800,1546,0,0,3616,2809,1,F
629,1,475500,1800,1418,0,0,4208,3403,2,F
614,1,1464422,5964,5509,3509,21074,5772,5082,3,F
694,1,1263845,5400,4873,2797,22176,9160,7881,4,F
614,1,1562400,6300,4411,20632,0,5435,4701,2,F
677,1,687312,2520,2188,0,0,4877,3992,2,F
675,1,400248,1800,1612,0,0,4225,3266,2,F
691,2,3860657,0,0,2547707,24458,5626,4967,3,G
888,1,1816330,6660,6261,14700,15768,6940,5956,3,F
698,1,1240056,4752,4559,3415,159,8209,7326,4,F
698,1,1205610,4619,4346,7666,3989,9777,7978,4,F
631,1,651570,2590,2012,0,0,2512,1800,1,F
629,1,499500,1850,1585,0,0,4034,3194,2,F
634,1,1647839,6623,6129,963,43297,8392,7529,3,F
634,1,1650380,6432,5611,5066,49414,4055,3206,2,F
698,1,1282143,4608,4159,189,0,5059,4362,3,F
694,1,1274427,5550,5164,854,17563,7800,6991,4,F
698,1,1300637,4736,4461,758,13284,3006,2287,1,F
614,1,1496393,6094,5570,1118,47024,9412,8153,4,F
694,1,1344205,5700,5281,1549,21376,5603,4641,2,F
612,1,1280200,5291,4737,917,0,3676,3063,2,F
612,1,1280200,5291,4958,13681,0,5656,5026,3,F
612,1,1280200,5291,4990,4064,0,7631,6880,4,F
612,1,1280200,5291,4886,3250,0,7428,6723,4,F
614,1,1605800,6475,6252,6723,0,8330,7622,4,F
675,1,411366,1850,1478,0,0,5210,4278,2,F
629,1,506000,1900,1568,0,0,3862,3004,2,F
629,1,506000,1900,1382,0,0,3745,2811,2,F
698,1,1342729,4864,4290,6000,12898,5541,4479,2,F
612,1,1280200,5291,5135,7039,0,8039,7112,4,F
612,1,1314800,5434,4814,5181,0,5041,4316,2,F
612,1,1185240,4216,3939,4141,3993,6008,5144,3,F
675,1,433602,1950,1542,0,0,3652,2725,1,F
612,1,1349400,5577,5182,9331,0,6025,5396,2,F
612,1,1220100,4340,4029,1856,0,5355,4405,3,F
612,1,1349400,5577,4784,7185,0,4142,3552,2,F
698,1,1257230,4992,4248,610,0,4302,3403,2,F
698,1,1378403,4992,4415,3569,0,3658,2895,2,F
694,1,1428551,6000,5580,9102,23238,5546,4438,2,F
673,1,608000,3040,2804,0,0,4713,3713,2,F
405,1,180000,760,382,0,0,3470,2829,1,F
698,1,1382661,4992,4638,441,2148,5131,4503,2,F
673,1,608000,3040,2826,0,0,4704,3576,2,F
629,1,529500,2000,1453,0,0,2945,2083,1,F
698,1,1371985,4992,4750,1089,9758,5363,4332,2,F
698,1,1380308,5248,3950,210,0,5008,4110,2,F
698,1,1443020,5248,3976,92,0,4365,3565,2,F
694,1,1464197,6150,4739,620,0,3375,2592,1,F
694,1,1501396,6300,5843,3087,25177,6226,4846,2,F
698,1,1322189,5248,5009,1674,21481,4882,3797,2,F
698,1,1452029,5248,4051,39,0,4798,3951,2,F
614,1,1779400,7175,6430,3863,0,4203,3363,2,F
614,1,1779400,7175,6641,8682,0,5316,4588,2,F
405,1,180000,760,351,0,0,3414,2686,1,F
698,1,1308948,5016,4557,7710,1601,3091,2212,1,F
673,1,638400,3192,2660,0,0,6505,5414,2,F
673,1,638400,3192,2630,0,0,4054,2994,1,F
673,1,638400,3192,2448,0,0,3055,2009,1,F
629,1,556500,2100,1887,0,0,3834,2740,1,F
673,1,638400,3192,2797,0,0,4417,3436,1,F
698,1,1450992,5376,4866,2812,0,5368,4457,2,F
634,1,1804225,7518,6536,2061,23689,6045,5170,2,F
612,1,1418600,5863,4751,15999,0,9261,8474,3,F
614,1,1822800,7350,5983,23466,0,6279,5265,3,F
608,1,1285700,4729,4337,0,0,7447,6356,3,F
698,1,1343394,5148,4489,1083,48,3363,2603,1,F
673,1,653600,3268,3017,0,0,6219,4925,2,F
694,1,1394121,6450,5042,83,0,3442,2561,1,F
694,1,1498183,6450,6246,1556,1628,9454,8507,3,F
608,1,1285700,4728,4378,1512,168,6821,5475,3,F
631,1,757230,3010,2565,0,0,7608,6287,3,F
614,1,1812400,7280,6246,2266,56522,7151,6100,3,F
634,1,1851767,7876,7006,1511,13487,9142,8249,4,F
634,1,1931438,7876,7196,1178,255,5891,5018,2,F
698,1,1423502,5632,5065,482,8914,5276,4269,2,F
614,1,1909600,7700,7402,7872,0,5769,4878,2,F
614,1,1909600,7700,7077,6124,0,5738,5015,2,F
631,1,827670,3290,3004,0,0,5606,4458,2,F
629,1,600500,2250,1747,0,0,5438,4479,2,F
694,1,1598251,6750,6406,5090,18839,8760,7661,3,F
699,1,2070000,10350,9407,0,0,6771,5191,2,F
699,1,2070000,10350,9732,0,0,7721,5849,2,F
673,1,699200,3496,3249,0,0,4779,3533,2,F
673,1,699200,3496,3110,0,0,7436,6365,2,F
673,1,699200,3496,3231,0,0,6976,5930,2,F
634,1,1865886,8234,7491,18225,25930,10944,9732,4,F
634,1,2154661,8389,7767,15937,7241,6872,5501,2,F
614,1,1805350,7612,6859,418,43975,8211,7248,3,F
698,1,1631725,5888,5284,446,0,6514,5438,2,F
675,1,511428,2300,2129,0,0,6332,5405,2,F
405,1,207000,874,381,0,0,3677,2986,1,F
694,1,1788434,7360,6261,1727,0,12167,10397,4,F
629,1,617500,2300,1757,0,0,5615,4337,2,F
673,1,714400,3572,2847,0,0,6448,5455,2,F
694,1,1642081,7050,6450,9437,18913,10449,9090,4,F
698,1,1604832,5888,5287,169,0,5499,4606,2,F
634,1,1959851,8401,6895,4324,42659,9824,8590,4,F
622,1,2267265,7943,7486,6677,89632,11607,10185,4,F
694,1,1677356,7050,6692,6438,21421,10626,9479,4,F
614,1,2039800,8225,7485,27946,0,6679,5473,2,F
614,1,2039800,8225,7583,40569,0,5994,5135,2,F
677,1,897324,3289,3090,0,0,6835,5581,2,F
405,1,202500,855,385,0,0,3813,3048,1,F
614,1,1956960,7680,7288,7102,417,10832,9503,4,F
656,1,1795190,7427,7061,3605,6016,8314,7205,3,F
614,1,1956860,7679,7342,16456,19662,13164,10873,4,F
629,1,641000,2400,2134,0,0,4841,3611,2,F
614,1,1887524,7944,7395,482,11828,8905,7950,3,F
622,1,2261341,8112,7386,10665,44602,10709,9213,4,F
612,1,1660800,6864,6423,3298,0,9288,8556,3,F
656,1,1833360,7583,7029,2608,58,7921,6802,3,F
694,1,1827313,7499,6666,729,0,10779,9185,4,F
631,1,862890,3430,3165,0,0,6122,4926,2,F
631,1,862890,3430,2769,0,0,4206,3124,1,F
631,1,862890,3430,2522,0,0,4283,2945,1,F
629,1,658000,2450,1877,0,0,7125,5865,2,F
629,1,631000,2350,2083,0,0,6114,4972,2,F
673,1,744800,3724,2747,0,0,7919,6580,2,F
614,1,1975044,8098,7447,1648,6423,11230,10051,4,F
634,1,2182461,8759,7755,4512,10884,7262,6059,2,F
612,1,1660800,6864,6315,21866,0,11826,10533,4,F
675,1,490000,2450,2193,0,0,7055,5675,2,F
675,1,548134,2500,2024,0,0,3624,2797,1,F
629,1,671500,2500,2016,0,0,3300,2154,1,F
629,1,671500,2500,1892,0,0,3402,2153,1,F
631,1,931665,3500,2878,0,0,8273,7058,3,F
614,1,2044645,8288,5427,52536,3227,15042,14069,5,F
614,1,2170000,8750,7861,17156,0,6822,5912,2,F
675,1,560826,2550,1858,0,0,3903,3189,1,F
631,1,949310,3570,2245,0,0,8101,6734,3,F
629,1,664500,2500,1912,0,0,4596,3053,1,F
673,1,775200,3876,3307,0,0,7290,6141,2,F
612,1,1764600,7293,6809,7460,0,11613,10486,3,F
461,1,305500,1410,730,0,0,4423,3602,1,F
461,1,299000,1380,758,0,0,4991,4252,1,F
629,1,681500,2550,828,0,0,3389,2270,1,F
629,1,695000,2600,1949,0,0,5510,4231,2,F
629,1,698500,2600,1185,0,0,2321,1213,1,F
629,1,691500,2600,1975,0,0,5633,4367,2,F
629,1,681500,2550,787,0,0,3696,2687,1,F
614,1,2168304,8620,7204,2650,16993,5687,4519,2,F
614,1,2147744,8620,7769,759,34846,7254,5738,2,F
614,1,2256800,9100,8402,30930,0,8380,7428,3,F
612,1,1799200,7436,6899,4387,0,5024,4177,2,F
675,1,578136,2600,1759,0,0,4852,3710,1,F
675,1,578136,2600,1671,0,0,4873,3868,1,F
479,1,78400,392,348,0,0,2986,2516,1,F
479,1,81600,408,321,0,0,3581,3117,1,F
458,1,104000,416,385,0,0,4148,3385,1,F
479,1,81600,408,312,0,0,3084,2471,1,F
479,1,78400,392,346,0,0,3414,2778,1,F
479,1,83200,416,250,0,0,3462,2760,1,F
458,1,104000,416,345,0,0,4029,3116,1,F
479,1,83200,416,242,0,0,3819,3291,1,F
458,1,102000,408,356,0,0,3657,2947,1,F
631,1,898110,3570,3095,0,0,7895,6560,3,F
629,1,712000,2650,1249,0,0,2546,1430,1,F
629,1,702000,2600,2314,0,0,7491,6183,2,F
614,1,1942938,8774,7770,7890,8660,17289,16036,5,F
677,1,1011876,3710,3288,0,0,2158,916,1,F
675,1,589254,2650,2218,0,0,4057,3045,1,F
675,1,578136,2600,2043,0,0,3858,2716,1,F
629,1,729000,2700,2274,0,0,8810,6868,2,F
673,1,820800,4104,3739,0,0,8738,7312,2,F
634,1,2245544,9666,8320,3000,62158,8187,7195,2,F
634,1,2361377,9654,8865,10033,9054,7927,6507,2,F
612,1,1868400,7722,7356,22635,0,10515,9041,3,F
612,1,1868400,7722,6379,10330,0,7213,6272,2,F
612,1,1799200,7436,6864,2684,0,7714,6774,3,F
698,1,1620000,8100,7563,0,0,5787,4600,2,F
698,1,1620000,8100,7396,0,0,5794,4381,2,F
458,1,106000,424,377,0,0,4226,3411,1,F
622,1,2736800,10429,9463,9093,3993,9443,7994,3,F
631,1,968550,3850,3151,0,0,3317,2166,1,F
631,1,968550,3850,2931,0,0,3262,2063,1,F
629,1,742500,2750,1957,0,0,5967,4701,2,F
629,1,729000,2700,1836,0,0,5968,4775,2,F
694,1,1960481,8100,6807,991,0,7175,6040,2,F
614,1,2281919,8986,8408,7774,49046,7452,6043,2,F
694,1,1933391,8100,7154,509,0,6551,5577,2,F
612,1,1868400,7722,7434,18724,0,11797,10804,3,F
622,1,2786560,10598,10174,18819,36350,10956,9266,3,F
629,1,756000,2800,1970,0,0,8538,7022,2,F
629,1,749000,2800,2215,0,0,4005,2687,1,F
629,1,756000,2800,2485,0,0,7122,5774,2,F
629,1,749000,2800,1516,0,0,3620,2319,1,F
629,1,749000,2800,2138,0,0,4176,2938,1,F
629,1,742500,2750,2455,0,0,9153,7256,2,F
629,1,749000,2800,1440,0,0,3459,2378,1,F
629,1,745500,2800,2470,0,0,5250,3772,1,F
614,1,2281158,9284,6757,66,0,4969,3842,2,F
614,1,2256624,9284,7746,5161,0,5301,4221,2,F
614,1,2266106,9200,8156,2767,21104,7981,6596,2,F
634,1,2304809,10203,9127,655,16729,6043,4752,2,F
612,1,2006800,8294,7547,21072,0,7646,6538,2,F
612,1,1937600,8008,7652,19984,0,10422,9538,3,F
614,1,2387000,9625,8998,6138,0,11045,10040,4,F
612,1,1903000,7865,7596,22565,0,8756,7837,3,F
694,1,2053200,10080,8093,0,0,7650,6518,2,F
694,1,2053200,10080,9464,0,0,7291,6116,2,F
675,1,622608,2800,2258,0,0,4908,3666,1,F
675,1,611490,2750,2259,0,0,4928,3870,1,F
675,1,622608,2800,2414,0,0,6721,5439,2,F
479,1,89600,448,264,0,0,4650,3997,1,F
479,1,89600,448,247,0,0,4967,4173,1,F
629,1,759000,2850,2603,0,0,6026,4465,1,F
634,1,2537143,10191,8385,468,4591,8034,6697,2,F
612,1,1972200,8151,7873,26489,0,13473,12057,4,F
612,1,1937600,8008,6700,10150,0,5925,5020,2,F
698,1,1710000,8550,7902,0,0,7435,5574,2,F
694,1,2063400,10260,9398,0,0,8131,6522,2,F
675,1,633726,2850,2116,0,0,3628,2361,1,F
675,1,633726,2850,2581,0,0,7318,5874,2,F
694,1,2131800,8550,7738,0,0,15159,13613,4,F
694,1,2131800,8550,7713,0,0,13214,11857,4,F
608,1,1704300,6268,5771,574,0,4901,3714,1,F
608,1,1704300,6267,5631,14660,1866,4712,3375,1,F
631,1,1021380,4060,3687,0,0,6287,4895,2,F
673,1,866400,4332,3772,0,0,2586,1004,1,F
638,1,1082880,4408,4104,0,0,5074,3693,1,F
631,1,1076555,4052,2578,0,0,7001,5698,2,F
638,1,1082880,4408,3746,0,0,5026,3388,1,F
698,1,2067995,7424,6906,4198,45939,8997,7920,2,F
614,1,2172192,9604,8272,388,7861,6236,4893,2,F
614,1,2517200,10150,9769,11838,0,6494,5427,2,F
612,1,2006800,8294,7503,12709,0,5056,4043,2,F
698,1,1740000,8700,8258,0,0,6539,5231,2,F
675,1,655962,2950,2362,0,0,3783,2394,1,F
675,1,644844,2900,2640,0,0,7145,5745,2,F
614,1,2380000,9440,8248,2772,24115,13841,12315,4,F
614,1,2257900,8960,8000,1876,171,14806,12329,4,F
629,1,772500,2900,2554,0,0,8107,6675,2,F
629,1,786000,2950,2615,0,0,5847,4484,2,F
698,1,2073162,7552,5383,1582,0,5161,3867,1,F
698,1,2041922,7552,6189,6867,17941,5016,3876,1,F
634,1,2648637,10740,9954,3784,37158,9564,7626,2,F
694,1,2145600,10620,9470,0,0,10453,8838,3,F
699,1,2714000,13570,11739,0,0,8328,6792,2,F
699,1,2714000,13570,12093,0,0,12421,10955,4,F
699,1,2714000,13570,12625,0,0,8465,6953,2,F
694,1,2138400,10620,9957,0,0,8505,6554,2,F
694,1,2135800,10620,9401,0,0,6297,5165,2,F
694,1,2124000,10620,9995,0,0,9123,7349,2,F
675,1,655962,2950,2200,0,0,6304,4929,2,F
675,1,655962,2950,2374,0,0,6493,5029,2,F
614,1,2420400,9600,8320,2826,6142,6931,5169,2,F
614,1,2420500,9600,7971,7877,9307,15395,13558,4,F
614,1,2421900,9600,8619,646,3503,6345,4832,2,F
631,1,1094295,4121,1761,0,0,7735,6194,2,F
629,1,789500,2950,2436,0,0,6413,4997,2,F
629,1,799500,3000,2397,0,0,9183,7736,2,F
629,1,799500,3000,2645,0,0,6267,4689,2,F
631,1,1093740,4130,3386,0,0,5173,3230,1,F
629,1,789500,2950,2410,0,0,6731,5191,2,F
631,1,1115305,4200,3171,0,0,6407,4171,1,F
631,1,1093740,4130,3310,0,0,4705,3055,1,F
631,1,1116305,4200,3196,0,0,5353,3649,1,F
634,1,2571316,10561,10011,4761,12668,15537,13970,4,F
634,1,2557601,10919,9290,821,11749,6760,5305,2,F
694,1,2196000,10800,9170,0,0,9390,7943,3,F
694,1,2179200,10800,9390,0,0,6778,5335,2,F
694,1,2179200,10800,10202,0,0,9072,7043,2,F
694,1,2187600,10800,10040,0,0,9752,7989,2,F
694,1,2202000,10800,9769,0,0,6533,5034,2,F
699,1,2760000,13800,13187,0,0,14070,12267,4,F
694,1,2168400,10800,10251,0,0,9190,7191,2,F
694,1,2184000,10800,9627,0,0,6427,4960,2,F
675,1,667080,3000,2567,0,0,4094,2838,1,F
675,1,667080,3000,2625,0,0,4570,3216,1,F
699,1,3153700,11407,10642,425,2746,13170,11634,4,F
612,1,2110600,8723,8200,33657,0,10942,9927,3,F
612,1,2110600,8723,7814,10426,0,9232,7871,2,F
612,1,2110600,8723,7995,47936,0,10544,9049,3,F
631,1,1091820,4340,3905,0,0,8358,6969,2,F
612,1,2145200,8866,8179,45759,0,16688,14982,4,F
631,1,1074210,4270,3039,0,0,3655,2370,1,F
629,1,826500,3100,2909,0,0,7457,6016,2,F
631,1,1091820,4340,3257,0,0,3752,2471,1,F
614,1,2734200,11025,10585,21268,0,13603,12493,4,F
675,1,700434,3150,2600,0,0,4094,2624,1,F
634,1,2676111,11635,10685,1025,0,16624,14488,4,F
675,1,711552,3200,2586,0,0,3952,2481,1,F
614,1,2562393,10706,9640,24015,58720,14802,12718,4,F
629,1,870500,3250,2787,0,0,7755,6097,2,F
629,1,870500,3250,2393,0,0,7147,5628,2,F
634,1,2798345,11623,10852,5354,16114,12592,11072,3,F
698,1,2284539,8448,7912,2863,18908,9333,8050,2,F
614,1,2564434,10896,10280,4503,4994,9714,7957,2,F
614,1,2864400,11550,10749,20291,0,6516,5257,2,F
629,1,887000,3350,2710,0,0,9747,8099,2,F
629,1,914500,3400,2496,0,0,4257,2572,1,F
629,1,928000,3450,2345,0,0,4407,2788,1,F
694,1,2422024,10350,8437,4010,16659,10714,9054,2,F
698,1,2479722,8960,8081,3928,11047,7644,6334,2,F
694,1,2509842,10500,9050,10734,21223,10235,8327,2,F
612,1,2387400,9867,8701,21837,0,14862,13226,4,F
614,1,3038000,12250,9871,4411,0,7271,6031,2,F
612,1,2456600,10153,9408,10688,0,9140,7858,2,F
614,1,2842252,11940,11333,12356,51072,16654,15000,4,F
675,1,800496,3600,3000,0,0,5151,3392,1,F
675,1,800496,3600,2544,0,0,7135,5576,2,F
612,1,2560400,10582,9909,35022,0,10274,8960,2,F
614,1,3168200,12775,11877,13999,0,9541,8008,2,F
675,1,822732,3700,2893,0,0,7151,5351,2,F
614,1,3211600,12950,9705,35520,0,10998,9572,2,F
612,1,2560400,10582,8844,5058,0,6720,5525,1,F
677,1,1412808,5180,4391,0,0,6650,4368,1,F
612,1,2560400,10582,10120,39030,0,14007,12594,3,F
675,1,833850,3750,2700,0,0,5668,3922,1,F
612,1,2664200,11011,8432,12305,0,6594,5183,1,F
614,1,3341800,13475,12212,24442,0,12007,10619,2,F
612,1,2629600,10868,10296,5589,0,9672,8363,2,F
614,1,3298400,13300,12180,55543,0,12726,11073,3,F
629,1,1022000,3850,2362,0,0,9083,7266,2,F
614,1,3066530,12770,11953,440,0,16800,14968,4,F
479,1,124800,624,530,0,0,4958,4024,1,F
405,1,346500,1463,236,0,0,3589,2369,1,F
405,1,342000,1444,231,0,0,3539,2327,1,F
479,1,124800,624,506,0,0,4687,3711,1,F
612,1,2768000,11440,10611,40512,0,11376,9848,2,F
612,1,2733400,11297,10537,10486,0,11383,9992,2,F
612,1,2733400,11297,10387,9139,0,5485,4293,1,F
888,1,3748820,14122,12319,45174,0,12031,9909,3,F
614,1,3212346,12946,11879,4464,725,10623,8866,2,F
694,1,2690307,11850,11062,637,6051,10578,8668,2,F
888,1,3748820,14122,12963,3157,3212,13505,11562,3,F
694,1,2866677,11850,10909,1578,16856,10666,9055,2,F
634,1,3444138,14296,12461,3603,26727,11873,9325,2,F
694,1,2924400,14400,13523,0,0,18690,16280,3,F
614,1,3092485,13434,12628,277,0,20267,18071,4,F
634,1,3585830,14487,12784,18223,18816,11779,9493,2,F
655,1,2732600,10500,9842,3553,7161,11295,9497,2,F
629,1,1076000,4050,2780,0,0,9144,7132,2,F
634,1,3322893,14487,12112,6730,52506,12797,10648,2,F
694,1,2960400,14580,13293,0,0,16036,14191,3,F
612,1,2733400,11297,9579,15791,0,10528,9045,2,F
655,1,2769800,10640,8618,1395,0,11205,8812,2,F
612,1,2837200,11726,10664,4577,0,9649,8277,2,F
634,1,3358421,14654,13447,455,0,18108,15994,4,F
634,1,3619205,14666,13890,37088,71452,11074,9106,2,F
634,1,3653599,14821,13876,3708,16733,18847,16479,3,F
612,1,2871800,11869,9727,5786,0,5645,4250,1,F
612,1,2871800,11869,10912,5342,0,11467,10030,2,F
612,1,2837200,11726,10509,19869,0,11120,9585,2,F
612,1,2837200,11726,10876,8337,0,10553,8889,2,F
612,1,2733400,11297,10491,31623,0,20187,17692,4,F
612,1,2941000,12155,11440,13174,0,6689,5217,1,F
612,1,2906400,12012,10802,2474,0,7622,6169,1,F
614,1,3558800,14350,13559,10507,0,11232,9595,2,F
612,1,2941000,12155,10038,25831,0,16477,14799,3,F
614,1,3689000,14875,14138,31675,0,15822,13716,3,F
673,1,1292000,6460,5933,0,0,7503,5253,1,F
634,1,3429562,15036,13156,16135,33889,18739,16083,4,F
629,1,1119000,4300,3831,0,0,5188,3539,1,F
612,1,2941000,12155,11518,6941,0,9653,8077,2,F
629,1,1119000,4300,3801,0,0,5406,3299,1,F
612,1,2975600,12298,11793,26897,0,19567,17827,4,F
694,1,3123876,12441,9926,0,0,13094,11154,2,F
694,1,3123876,12441,11057,0,0,12038,9940,2,F
614,1,3732400,15050,13995,23828,0,17925,16032,4,F
612,1,2975600,12298,11708,48139,0,13740,12221,3,F
629,1,1191000,4450,3407,0,0,8273,6001,1,F
612,1,3044800,12584,11541,24710,0,12352,10763,2,F
698,1,3192000,11264,9410,1318,770,14129,10365,2,F
629,1,1191000,4450,3526,0,0,8981,6703,1,F
614,1,3819200,15400,13200,43786,0,17204,15411,3,F
673,1,1736240,6688,5376,534,15,11678,9603,2,F
638,1,1738060,6641,5087,1560,6089,10060,7657,2,F
673,1,1736240,6688,5171,639,0,10913,8849,2,F
698,1,3191700,11264,9969,1832,584,12691,9784,2,F
638,1,1738060,6656,5630,4,0,9912,8082,2,F
612,1,3148600,13013,11998,25628,0,12669,10840,2,F
673,1,1368000,6840,5911,0,0,4135,1873,1,F
694,1,3168402,13950,13073,3662,40851,14279,11689,3,F
614,1,3711200,14720,12937,888,0,13588,10638,2,F
614,1,3702300,14720,13418,9661,5603,14146,11673,2,F
612,1,3287000,13585,12588,30015,0,14537,12032,3,F
614,1,4166400,16800,15853,31990,0,13195,11610,2,F
612,1,3390800,14014,12290,18634,0,13881,12072,3,F
612,1,3356200,13871,13038,50293,0,15156,12980,2,F
612,1,3425400,14157,12813,12117,0,16717,14467,3,F
673,1,1520000,7600,7063,0,0,16347,13301,3,F
634,1,4505434,18079,15891,10513,61258,26047,22180,4,F
673,1,1535200,7676,7262,0,0,18472,15747,3,F
629,1,1332500,5000,4373,0,0,14095,11619,2,F
614,1,4047677,16740,13560,2803,29723,16236,13480,2,F
612,1,3494600,14443,13754,25486,0,13160,11527,2,F
612,1,3529200,14586,13816,45989,0,15780,14127,2,F
694,1,3748875,15600,14717,8100,96308,17901,15044,3,F
612,1,3633000,15015,13849,23249,0,13647,11640,2,F
612,1,3667600,15158,13592,8150,0,12506,10558,2,F
612,1,3736800,15444,13584,6591,0,16181,14127,2,F
673,1,1641600,8208,7633,0,0,10150,7066,1,F
612,1,3771400,15587,14803,17680,0,13633,11719,2,F
631,1,1972320,7840,6090,0,0,7719,5054,1,F
631,1,1989930,7910,6129,0,0,7573,5265,1,F
612,1,3909800,16159,14048,15210,0,16729,14503,2,F
612,1,3944400,16302,15001,50091,0,16618,14549,2,F
614,1,4840470,18992,15815,31358,33174,17179,13709,2,F
612,1,4152000,17160,15625,36110,0,15589,13545,2,F
655,1,4234700,16380,14255,0,0,12594,9404,2,F
655,1,4276300,16520,14678,1,0,13118,10210,2,F
614,1,5251400,21175,19851,28560,0,15950,13622,2,F
612,1,4290400,17732,16528,36751,0,17821,14744,2,F
614,1,5555200,22400,19734,43848,0,28980,26297,3,F
629,1,1697000,6350,5618,0,0,5910,2532,1,F
694,1,4454689,19350,18031,19354,15182,18290,15176,2,F
612,1,4498000,18590,17542,33389,0,14141,11728,2,F
612,1,4532600,18733,17304,4682,0,17658,15410,2,F
612,1,4567200,18876,17356,44521,0,15405,12896,2,F
629,1,1801500,6750,5616,0,0,6039,2356,1,F
614,1,5570046,22682,21180,5492,27574,30778,27351,3,F
673,1,2097600,10488,9952,0,0,19658,15907,2,F
673,1,2097600,10488,9644,0,0,20777,16874,2,F
612,1,4878600,20163,18123,9744,0,19026,16501,2,F
612,1,4913200,20306,18540,18667,0,18061,15598,2,F
656,1,5426740,22448,21790,18075,49923,26305,22729,3,F
612,1,5017000,20735,18725,92042,0,11740,9051,1,F
612,1,4947800,20449,18170,29343,0,18938,16115,2,F
656,1,5541250,22923,21215,14547,10815,24814,21350,3,F
614,1,5946599,24164,22682,28347,53760,27707,24609,3,F
656,1,5692430,23558,22113,8777,1159,16468,13496,2,F
656,1,5806640,24026,22892,27440,12718,18583,14719,2,F
614,1,6510000,26250,24270,62523,0,22252,19112,2,F
612,1,5224600,21593,18575,35007,0,16417,13469,2,F
612,1,5466800,22594,20414,57317,0,12106,9154,1,F
612,1,5501400,22737,21532,45317,0,18506,15355,2,F
694,1,5802202,24600,21654,12202,11290,22301,18641,2,F
612,1,5882000,24310,23055,142094,0,22444,18811,2,F
612,1,5985800,24739,23511,55050,0,24701,20327,2,F
631,1,3199580,11970,7698,0,0,8963,5119,1,F
631,1,3255800,12180,9173,0,0,8558,4771,1,F
612,1,6228000,25740,24267,26103,0,18044,14790,2,F
699,1,9306000,33660,30654,10717,119515,37846,32669,3,F
699,1,9202600,33286,30124,4059,34073,33712,28726,3,F
612,1,6539400,27027,24681,22029,0,16515,13269,2,F
612,1,7266000,30030,27616,39128,0,21967,17990,2,F
612,1,7369800,30459,27878,47129,0,20668,17082,2,F
612,1,7473600,30888,28061,36027,0,22073,17909,2,F
614,1,8854271,35808,33287,40711,118676,32847,27055,2,F
699,1,11456600,41399,37440,6733,193,26311,20059,2,F
614,1,9259504,37646,34857,66501,52128,32562,26103,2,F
612,1,8823000,36465,31619,28035,0,27096,22502,2,F
699,1,12957400,46828,43885,24641,11700,31553,24413,2,F
