ORIGIN_AIRPORT_ID,DEST_AIRPORT_ID,ORIGIN_CITY_MARKET_ID,DEST_CITY_MARKET_ID,DISTANCE,UNIQUE_CARRIER_ENTITY,AIRCRAFT_TYPE,AIRCRAFT_CONFIG,YEAR
12954,11292,32575,30325,854,6673,694,1,2017
11292,14771,30325,32457,967,1006,698,1,2017
14771,11292,32457,30325,967,1006,698,1,2017
11423,10325,31423,30325,604,1126,646,1,2017
11292,11315,30325,31315,488,6081,675,1,2017
11292,12389,30325,32389,576,6081,675,1,2017
11315,11292,31315,30325,488,6081,675,1,2017
11503,15016,31503,31123,889,6081,675,1,2017
15016,11503,31123,31503,889,6081,675,1,2017
12544,11503,32544,31503,1464,6081,675,1,2017
10397,11292,30397,30325,1199,6055,635,2,2017
11292,11996,30325,31871,1278,6055,635,2,2017
11109,15570,30189,35570,761,6035,622,1,2017
12889,11109,32211,30189,604,6035,622,1,2017
10372,10800,30372,32575,725,1150,684,1,2017
10800,11503,32575,31503,735,1150,684,1,2017
11503,10800,31503,32575,735,1150,684,1,2017
14869,10372,34614,30372,292,1150,684,1,2017
11292,14107,30325,30466,602,0A050,699,1,2017
14100,11292,34100,30325,1558,0A050,699,1,2017
10397,11109,30397,30189,1184,1260,622,1,2017
10397,11292,30397,30325,1199,1260,698,1,2017
10397,11292,30397,30325,1199,1260,699,1,2017
11109,10397,30189,30397,1184,1260,622,1,2017
11109,11298,30189,30194,592,1260,694,1,2017
11122,11292,31122,30325,230,1260,608,1,2017
11292,10397,30325,30397,1199,1260,698,1,2017
11292,10397,30325,30397,1199,1260,699,1,2017
11292,10397,30325,30397,1199,1260,622,1,2017
11292,11193,30325,33105,1069,1260,622,1,2017
11292,11433,30325,31295,1123,1260,655,1,2017
11292,11775,30325,31775,483,1260,656,1,2017
11292,12889,30325,32211,628,1260,656,1,2017
11292,14679,30325,33570,853,1260,656,1,2017
11292,14869,30325,34614,391,1260,622,1,2017
11433,11292,31295,30325,1123,1260,655,1,2017
13487,11292,31650,30325,680,1260,622,1,2017
13851,11292,33851,30325,495,1260,656,1,2017
14771,11292,32457,30325,967,1260,622,1,2017
14869,11292,34614,30325,391,1260,622,1,2017
10529,11292,30529,30325,1671,6690,614,1,2017
11109,16091,30189,31295,1136,6690,614,1,2017
13796,11109,32457,30189,954,6690,614,1,2017
10558,11292,30558,30325,150,0A875,698,1,2017
11292,11042,30325,30647,1201,0A875,614,1,2017
11292,12448,30325,32448,967,0A875,614,1,2017
11292,12892,30325,32575,862,0A875,698,1,2017
11292,13303,30325,32467,1709,0A875,634,1,2017
11292,14524,30325,34524,1482,0A875,614,1,2017
13341,11292,33198,30325,541,0A875,634,1,2017
11292,14771,30325,32457,967,10877,887,1,2017
11109,11292,30189,30325,73,6725,612,1,2017
11233,11292,31233,30325,90,6725,612,1,2017
11233,11292,31233,30325,90,6725,614,1,2017
11259,11109,30194,30189,602,6725,612,1,2017
11292,10792,30325,30792,1359,6725,612,1,2017
11292,11140,30325,31140,929,6725,614,1,2017
11292,11481,30325,31481,1250,6725,614,1,2017
11292,11973,30325,31973,1095,6725,612,1,2017
11292,11996,30325,31871,1278,6725,612,1,2017
11292,12896,30325,32896,456,6725,612,1,2017
11292,12992,30325,32600,771,6725,614,1,2017
14831,11109,32457,30189,943,6725,612,1,2017
11109,11292,30189,30325,73,11033,614,1,2017
10325,10423,30325,30423,764,1194,515,1,2017
10325,13930,30325,30977,903,1194,515,1,2017
10325,14831,30325,32457,937,1194,688,1,2017
10423,10325,30423,30325,764,1194,515,1,2017
11066,10325,31066,30325,1166,1194,688,1,2017
14792,10372,34792,30372,919,1194,515,1,2017
11292,12889,30325,32211,628,16736,625,1,2017
10466,11292,30466,30325,595,1130,617,1,2017
10747,11292,30747,30325,1049,1130,617,1,2017
11292,13796,30325,32457,957,1130,617,1,2017
11292,14275,30325,34275,1120,1130,617,1,2017
11292,14869,30325,34614,391,1130,617,1,2017
11563,11921,31563,31921,312,1130,617,1,2017
11921,11563,31921,31563,312,1130,617,1,2017
14576,11292,34576,30325,1413,1130,617,1,2017
15370,11292,34653,30325,541,1130,617,1,2017
11292,13796,30325,32457,957,6774,635,2,2017
11376,11292,30977,30325,870,6774,635,2,2017
11292,13342,30325,33342,896,1189,669,1,2017
14570,11292,34570,30325,804,1189,669,1,2017
11292,10590,30325,30590,632,6795,614,1,2017
11719,10590,31719,30590,637,6795,614,1,2017
10590,11292,30590,30325,632,6795,614,1,2017
10590,11719,30590,31719,637,6795,614,1,2017
10590,13502,30590,33502,436,6795,614,1,2017
10590,14288,30590,34288,598,6795,614,1,2017
13502,10590,33502,30590,436,6795,614,1,2017
14288,10590,34288,30590,598,6795,614,1,2017
11840,14288,31840,34288,1070,6912,681,2,2017
14288,13796,34288,32457,967,6912,681,2,2017
11193,11292,33105,30325,1069,6841,617,2,2017
11292,11193,30325,33105,1069,6841,617,2,2017
11109,11292,30189,30325,73,6031,634,1,2017
14747,11109,30559,30189,1068,6031,634,1,2017
10558,11292,30558,30325,150,6904,675,1,2017
11292,13851,30325,33851,495,6904,675,1,2017
10325,11292,30325,30325,22,6975,456,1,2017
10558,11292,30558,30325,150,6975,456,1,2017
11283,11292,31283,30325,292,6975,456,1,2017
11292,10558,30325,30558,150,6975,456,1,2017
11292,11283,30325,31283,292,6975,456,1,2017
11292,11292,30325,30325,0,6975,456,1,2017
11292,11468,30325,31468,305,6975,456,1,2017
11292,12899,30325,32899,228,6975,456,1,2017
11292,12902,30325,32902,280,6975,456,1,2017
11468,11292,31468,30325,305,6975,456,1,2017
12899,11292,32899,30325,228,6975,456,1,2017
12902,10325,32902,30325,274,6975,456,1,2017
12902,11292,32902,30325,280,6975,456,1,2017
11292,14081,30325,34081,420,6932,405,1,2017
14288,11711,34288,31711,231,6932,405,1,2017
11292,11292,30325,30325,0,1177,479,1,2017
10558,11292,30558,30325,150,6081,675,1,2017
11292,10409,30325,30409,519,6081,675,1,2017
12389,11292,32389,30325,576,6081,675,1,2017
11921,12889,31921,32211,420,6035,698,1,2017
12889,11921,32211,31921,420,6035,698,1,2017
11109,11292,30189,30325,73,0A050,614,1,2017
11109,11298,30189,30194,592,0A050,614,1,2017
11109,12278,30189,30928,403,0A050,655,1,2017
11292,10721,30325,30721,1754,0A050,699,1,2017
11292,12892,30325,32575,862,0A050,699,1,2017
11292,12992,30325,32600,771,0A050,614,1,2017
13204,11292,31454,30325,1546,0A050,699,1,2017
13930,11109,30977,30189,911,0A050,614,1,2017
14492,11292,34492,30325,1436,0A050,614,1,2017
14771,11292,32457,30325,967,0A050,699,1,2017
14869,11109,34614,30189,411,0A050,614,1,2017
11292,12892,30325,32575,862,1260,608,1,2017
11292,13487,30325,31650,680,1260,608,1,2017
11292,13487,30325,31650,680,1260,694,1,2017
11292,14869,30325,34614,391,1260,614,1,2017
11433,11292,31295,30325,1123,1260,614,1,2017
13487,11292,31650,30325,680,1260,608,1,2017
13487,11292,31650,30325,680,1260,694,1,2017
11292,15370,30325,34653,541,7041,631,1,2017
11986,11292,31986,30325,1015,7041,631,1,2017
11097,11292,31097,30325,391,6700,629,1,2017
11109,12992,30189,32600,746,6700,629,1,2017
11109,13486,30189,33486,734,6700,629,1,2017
11109,15376,30189,30436,580,6700,629,1,2017
11122,11292,31122,30325,230,6700,629,1,2017
11278,11109,30852,30189,1487,6700,673,1,2017
11292,10140,30325,30140,349,6700,631,1,2017
11292,10397,30325,30397,1199,6700,631,1,2017
11292,10423,30325,30423,775,6700,673,1,2017
11292,11003,30325,31003,692,6700,673,1,2017
11292,11097,30325,31097,391,6700,629,1,2017
11292,11122,30325,31122,230,6700,629,1,2017
11292,11298,30325,30194,641,6700,631,1,2017
11292,11986,30325,31986,1015,6700,673,1,2017
11292,12266,30325,31453,862,6700,673,1,2017
11292,12441,30325,32441,406,6700,631,1,2017
11292,12992,30325,32600,771,6700,631,1,2017
11292,13264,30325,33264,964,6700,631,1,2017
11292,13871,30325,33316,472,6700,631,1,2017
11292,13930,30325,30977,888,6700,673,1,2017
11292,14489,30325,34489,898,6700,629,1,2017
11292,14679,30325,33570,853,6700,673,1,2017
11292,14730,30325,33044,1024,6700,629,1,2017
11292,14771,30325,32457,967,6700,629,1,2017
11292,14771,30325,32457,967,6700,631,1,2017
11292,14908,30325,32575,846,6700,631,1,2017
11292,15041,30325,35041,557,6700,673,1,2017
11298,11109,30194,30189,592,6700,673,1,2017
11921,12892,31921,32575,655,6700,631,1,2017
12266,11292,31453,30325,862,6700,629,1,2017
12441,11292,32441,30325,406,6700,631,1,2017
12888,11292,32888,30325,113,6700,673,1,2017
12892,11292,32575,30325,862,6700,631,1,2017
12992,11292,32600,30325,771,6700,673,1,2017
13264,11292,33264,30325,964,6700,631,1,2017
13486,11109,33486,30189,734,6700,629,1,2017
13930,11292,30977,30325,888,6700,673,1,2017
14057,11292,34057,30325,991,6700,673,1,2017
14252,11921,34252,31921,730,6700,629,1,2017
14679,11292,33570,30325,853,6700,631,1,2017
14683,11292,33214,30325,794,6700,673,1,2017
14794,11109,34794,30189,496,6700,629,1,2017
14893,11292,33192,30325,909,6700,631,1,2017
14908,11292,32575,30325,846,6700,631,1,2017
10140,11292,30140,30325,349,0A875,694,1,2017
10529,11292,30529,30325,1671,0A875,614,1,2017
10721,11292,30721,30325,1754,0A875,698,1,2017
10849,11292,30849,30325,524,0A875,694,1,2017
11292,10140,30325,30140,349,0A875,694,1,2017
11292,10620,30325,30620,455,0A875,634,1,2017
11292,10721,30325,30721,1754,0A875,694,1,2017
11292,10849,30325,30849,524,0A875,694,1,2017
11292,11193,30325,33105,1069,0A875,694,1,2017
11292,11433,30325,31295,1123,0A875,698,1,2017
11292,11697,30325,32467,1703,0A875,698,1,2017
11292,12264,30325,30852,1452,0A875,624,1,2017
11292,12266,30325,31453,862,0A875,626,1,2017
11292,12889,30325,32211,628,0A875,698,1,2017
11292,13198,30325,33198,533,0A875,614,1,2017
11292,13204,30325,31454,1546,0A875,698,1,2017
11292,13930,30325,30977,888,0A875,698,1,2017
11292,14100,30325,34100,1558,0A875,694,1,2017
11292,14262,30325,34262,776,0A875,614,1,2017
11292,14524,30325,34524,1482,0A875,694,1,2017
11292,14570,30325,34570,804,0A875,614,1,2017
11292,14869,30325,34614,391,0A875,698,1,2017
11292,15016,30325,31123,770,0A875,614,1,2017
11292,15016,30325,31123,770,0A875,698,1,2017
11292,15370,30325,34653,541,0A875,614,1,2017
12264,11292,30852,30325,1452,0A875,624,1,2017
12266,11292,31453,30325,862,0A875,622,1,2017
12266,11292,31453,30325,862,0A875,626,1,2017
13198,11292,33198,30325,533,0A875,614,1,2017
13204,11292,31454,30325,1546,0A875,622,1,2017
14262,11292,34262,30325,776,0A875,614,1,2017
14262,11292,34262,30325,776,0A875,634,1,2017
14524,11292,34524,30325,1482,0A875,694,1,2017
14570,11292,34570,30325,804,0A875,614,1,2017
14683,11292,33214,30325,794,0A875,694,1,2017
14689,11292,34689,30325,916,0A875,694,1,2017
14771,11292,32457,30325,967,0A875,622,1,2017
14771,11292,32457,30325,967,0A875,637,1,2017
14908,11292,32575,30325,846,0A875,614,1,2017
15016,11292,31123,30325,770,0A875,614,1,2017
15016,11292,31123,30325,770,0A875,698,1,2017
15370,11292,34653,30325,541,0A875,614,1,2017
10994,11292,30994,30325,1449,6725,619,1,2017
11042,11292,30647,30325,1201,6725,619,1,2017
11292,10140,30325,30140,349,6725,619,1,2017
11292,10713,30325,30713,649,6725,619,1,2017
11292,11433,30325,31295,1123,6725,619,1,2017
11292,11986,30325,31986,1015,6725,619,1,2017
11292,13342,30325,33342,896,6725,619,1,2017
11292,14057,30325,34057,991,6725,619,1,2017
11292,14100,30325,34100,1558,6725,619,1,2017
11292,14570,30325,34570,804,6725,619,1,2017
11292,14635,30325,31714,1607,6725,614,1,2017
11292,15370,30325,34653,541,6725,619,1,2017
11433,11292,31295,30325,1123,6725,619,1,2017
11986,11292,31986,30325,1015,6725,619,1,2017
13495,11292,33495,30325,1062,6725,614,1,2017
14122,11292,30198,30325,1290,6725,619,1,2017
14570,11292,34570,30325,804,6725,619,1,2017
14635,11292,31714,30325,1607,6725,614,1,2017
14893,11292,33192,30325,909,6725,619,1,2017
10397,11292,30397,30325,1199,6003,673,1,2017
11109,11292,30189,30325,73,6003,673,1,2017
11292,11042,30325,30647,1201,6003,673,1,2017
11292,11109,30325,30189,73,6003,673,1,2017
11292,11423,30325,31423,589,6003,677,1,2017
11292,12278,30325,30928,420,6003,677,1,2017
11292,13871,30325,33316,472,6003,673,1,2017
11292,14869,30325,34614,391,6003,673,1,2017
12278,11292,30928,30325,420,6003,677,1,2017
14730,11292,33044,30325,1024,6003,673,1,2017
15370,11292,34653,30325,541,6003,673,1,2017
11193,11292,33105,30325,1069,6460,698,1,2017
11292,11066,30325,31066,1154,6460,698,1,2017
11292,11433,30325,31295,1123,6460,698,1,2017
11292,12266,30325,31453,862,6460,694,1,2017
11292,12339,30325,32337,977,6460,698,1,2017
11292,13204,30325,31454,1546,6460,694,1,2017
11292,13204,30325,31454,1546,6460,698,1,2017
11292,13486,30325,33486,679,6460,694,1,2017
11292,13930,30325,30977,888,6460,694,1,2017
11292,13930,30325,30977,888,6460,698,1,2017
11292,14107,30325,30466,602,6460,694,1,2017
11292,15016,30325,31123,770,6460,694,1,2017
11292,15412,30325,35412,1162,6460,694,1,2017
11433,11292,31295,30325,1123,6460,698,1,2017
12264,11292,30852,30325,1452,6460,694,1,2017
12266,11292,31453,30325,862,6460,694,1,2017
12339,11292,32337,30325,977,6460,698,1,2017
13204,11292,31454,30325,1546,6460,694,1,2017
13486,11292,33486,30325,679,6460,694,1,2017
13930,11292,30977,30325,888,6460,694,1,2017
14107,11292,30466,30325,602,6460,694,1,2017
15016,11292,31123,30325,770,6460,694,1,2017
15304,11292,33195,30325,1506,6460,694,1,2017
15412,11292,35412,30325,1162,6460,694,1,2017
11292,11298,30325,30194,641,6200,691,2,2017
11292,12339,30325,32337,977,6200,730,2,2017
11292,13198,30325,33198,533,6200,691,2,2017
11292,13495,30325,33495,1062,6200,691,2,2017
11292,14869,30325,34614,391,6200,691,2,2017
11292,15376,30325,30436,639,6200,691,2,2017
11921,14869,31921,34614,216,6200,691,2,2017
12339,11292,32337,30325,977,6200,730,2,2017
13198,11292,33198,30325,533,6200,740,2,2017
13244,11921,33244,31921,1061,6200,691,2,2017
13796,11292,32457,30325,957,6200,740,2,2017
11292,11433,30325,31295,1123,6830,698,1,2017
12266,11292,31453,30325,862,6830,698,1,2017
13502,12891,33502,32891,593,6689,638,1,2017
11292,11413,30325,30285,250,6904,675,1,2017
11413,11292,30285,30325,250,6904,675,1,2017
11986,11292,31986,30325,1015,6904,675,1,2017
11298,13502,30194,33502,722,6820,675,1,2017
13502,11298,33502,30194,722,6820,675,1,2017
11292,14877,30325,34877,383,6932,405,1,2017
14877,11292,34877,30325,383,6932,405,1,2017
11109,15016,30189,31123,773,6085,675,1,2017
11292,11109,30325,30189,73,6085,675,1,2017
12266,11292,31453,30325,862,6085,675,1,2017
12266,12012,31453,32012,886,6085,675,1,2017
11292,10559,30325,30559,1026,6910,622,2,2017
11292,12889,30325,32211,628,6910,691,2,2017
11292,14730,30325,33044,1024,6910,622,2,2017
14869,11292,34614,30325,391,6910,622,2,2017
14869,11292,34614,30325,391,6910,691,2,2017
11292,14057,30325,34057,991,0A050,694,1,2017
12892,11292,32575,30325,862,0A050,699,1,2017
14100,11292,34100,30325,1558,0A050,694,1,2017
11292,13487,30325,31650,680,1260,698,1,2017
11292,13487,30325,31650,680,1260,888,1,2017
14869,11292,34614,30325,391,1260,614,1,2017
11292,11986,30325,31986,1015,7041,631,1,2017
11423,11292,31423,30325,589,7041,631,1,2017
11109,11292,30189,30325,73,6700,631,1,2017
11292,11109,30325,30189,73,6700,631,1,2017
11292,11921,30325,31921,212,6700,673,1,2017
11292,12003,30325,31895,624,6700,673,1,2017
11292,14057,30325,34057,991,6700,673,1,2017
11292,14683,30325,33214,794,6700,673,1,2017
11638,11109,31638,30189,833,6700,629,1,2017
11921,10372,31921,30372,89,6700,631,1,2017
11921,11292,31921,30325,212,6700,673,1,2017
11921,11298,31921,30194,773,6700,631,1,2017
12003,11292,31895,30325,624,6700,673,1,2017
13930,11921,30977,31921,1100,6700,631,1,2017
14679,11292,33570,30325,853,6700,673,1,2017
15919,11292,31834,30325,616,6700,631,1,2017
10397,11292,30397,30325,1199,0A875,694,1,2017
11193,11292,33105,30325,1069,0A875,694,1,2017
11278,11292,30852,30325,1476,0A875,614,1,2017
11292,10397,30325,30397,1199,0A875,694,1,2017
11292,10721,30325,30721,1754,0A875,698,1,2017
11292,11278,30325,30852,1476,0A875,614,1,2017
11292,11884,30325,31884,836,0A875,694,1,2017
11292,12278,30325,30928,420,0A875,614,1,2017
11292,14492,30325,34492,1436,0A875,614,1,2017
11292,14689,30325,34689,916,0A875,694,1,2017
11292,15304,30325,33195,1506,0A875,698,1,2017
11292,15376,30325,30436,639,0A875,694,1,2017
11603,11292,31603,30325,996,0A875,614,1,2017
11618,11292,31703,30325,1605,0A875,698,1,2017
11884,11292,31884,30325,836,0A875,694,1,2017
11986,11292,31986,30325,1015,0A875,694,1,2017
12278,11292,30928,30325,420,0A875,614,1,2017
12889,11292,32211,30325,628,0A875,698,1,2017
15304,11292,33195,30325,1506,0A875,698,1,2017
15376,11292,30436,30325,639,0A875,694,1,2017
10713,11292,30713,30325,649,6725,619,1,2017
11292,10140,30325,30140,349,6725,614,1,2017
11292,10821,30325,30852,1491,6725,619,1,2017
11292,10994,30325,30994,1449,6725,619,1,2017
11292,11066,30325,31066,1154,6725,619,1,2017
11292,11884,30325,31884,836,6725,619,1,2017
11292,14730,30325,33044,1024,6725,619,1,2017
11292,14869,30325,34614,391,6725,619,1,2017
11884,11292,31884,30325,836,6725,619,1,2017
14057,11292,34057,30325,991,6725,619,1,2017
14679,11292,33570,30325,853,6725,619,1,2017
14747,11292,30559,30325,1024,6725,619,1,2017
14831,11292,32457,30325,948,6725,619,1,2017
11066,11292,31066,30325,1154,6003,673,1,2017
11292,10599,30325,30599,1083,6003,673,1,2017
11292,11066,30325,31066,1154,6003,673,1,2017
11292,13487,30325,31650,680,6003,677,1,2017
11292,15370,30325,34653,541,6003,673,1,2017
13851,11292,33851,30325,495,6003,677,1,2017
11292,13485,30325,33485,826,6460,698,1,2017
11292,13487,30325,31650,680,6460,694,1,2017
11292,14492,30325,34492,1436,6460,694,1,2017
11292,14683,30325,33214,794,6460,694,1,2017
13485,11292,33485,30325,826,6460,698,1,2017
14492,11292,34492,30325,1436,6460,694,1,2017
14683,11292,33214,30325,794,6460,694,1,2017
11292,10620,30325,30620,455,6200,622,2,2017
11292,11540,30325,30615,563,6200,691,2,2017
11193,11292,33105,30325,1069,7024,638,1,2017
11292,11193,30325,33105,1069,7024,638,1,2017
11292,14869,30325,34614,391,6910,622,2,2017
11298,11292,30194,30325,641,0A050,614,1,2017
10849,11292,30849,30325,524,7041,631,1,2017
11292,10849,30325,30849,524,7041,631,1,2017
11292,13487,30325,31650,680,7041,631,1,2017
11292,14730,30325,33044,1024,7041,631,1,2017
13367,11292,33367,30325,752,7041,631,1,2017
14730,11292,33044,30325,1024,7041,631,1,2017
10140,11292,30140,30325,349,6700,631,1,2017
10279,11292,30279,30325,359,6700,629,1,2017
10849,11292,30849,30325,524,6700,631,1,2017
11292,10279,30325,30279,359,6700,629,1,2017
11292,10849,30325,30849,524,6700,631,1,2017
11292,11193,30325,33105,1069,6700,673,1,2017
11292,11267,30325,31267,1085,6700,673,1,2017
11292,11986,30325,31986,1015,6700,631,1,2017
11292,12896,30325,32896,456,6700,629,1,2017
11292,13502,30325,33502,196,6700,629,1,2017
11292,13891,30325,32575,819,6700,629,1,2017
11292,14107,30325,30466,602,6700,631,1,2017
11292,14262,30325,34262,776,6700,629,1,2017
11292,14489,30325,34489,898,6700,631,1,2017
11292,14683,30325,33214,794,6700,631,1,2017
11292,15370,30325,34653,541,6700,631,1,2017
11423,11292,31423,30325,589,6700,629,1,2017
12892,11921,32575,31921,655,6700,631,1,2017
12896,11292,32896,30325,456,6700,629,1,2017
13502,11292,33502,30325,196,6700,629,1,2017
13891,11292,32575,30325,819,6700,629,1,2017
14107,11292,30466,30325,602,6700,631,1,2017
14457,11292,34457,30325,300,6700,631,1,2017
10800,11292,32575,30325,850,0A875,614,1,2017
10821,11292,30852,30325,1491,0A875,698,1,2017
11057,11292,31057,30325,1337,0A875,614,1,2017
11292,10397,30325,30397,1199,0A875,698,1,2017
11292,11618,30325,31703,1605,0A875,698,1,2017
11292,13198,30325,33198,533,0A875,634,1,2017
11292,14262,30325,34262,776,0A875,694,1,2017
13851,11292,33851,30325,495,0A875,614,1,2017
13930,11292,30977,30325,888,0A875,698,1,2017
14262,11292,34262,30325,776,0A875,694,1,2017
14492,11292,34492,30325,1436,0A875,614,1,2017
10140,11292,30140,30325,349,6725,619,1,2017
10257,11292,30257,30325,1610,6725,614,1,2017
10397,11292,30397,30325,1199,6725,619,1,2017
10529,11292,30529,30325,1671,6725,612,1,2017
11292,10994,30325,30994,1449,6725,614,1,2017
11292,12339,30325,32337,977,6725,619,1,2017
11292,12954,30325,32575,854,6725,619,1,2017
11292,13198,30325,33198,533,6725,619,1,2017
11292,13495,30325,33495,1062,6725,614,1,2017
11292,13495,30325,33495,1062,6725,619,1,2017
11292,13871,30325,33316,472,6725,619,1,2017
11292,13891,30325,32575,819,6725,619,1,2017
11292,13931,30325,33667,1553,6725,612,1,2017
11292,14683,30325,33214,794,6725,614,1,2017
11292,14747,30325,30559,1024,6725,619,1,2017
11292,14831,30325,32457,948,6725,619,1,2017
11292,14893,30325,33192,909,6725,619,1,2017
11292,15376,30325,30436,639,6725,619,1,2017
12339,11292,32337,30325,977,6725,619,1,2017
12954,11292,32575,30325,854,6725,619,1,2017
13495,11292,33495,30325,1062,6725,619,1,2017
13871,11292,33316,30325,472,6725,619,1,2017
13891,11292,32575,30325,819,6725,619,1,2017
13931,11292,33667,30325,1553,6725,614,1,2017
10140,11292,30140,30325,349,6003,673,1,2017
10599,11292,30599,30325,1083,6003,673,1,2017
11042,11292,30647,30325,1201,6003,677,1,2017
11292,10140,30325,30140,349,6003,673,1,2017
11292,10693,30325,30693,1014,6003,673,1,2017
11292,11540,30325,30615,563,6003,677,1,2017
11292,13244,30325,33244,872,6003,677,1,2017
11292,13851,30325,33851,495,6003,673,1,2017
11292,15919,30325,31834,616,6003,677,1,2017
11298,11292,30194,30325,641,6003,677,1,2017
11423,11292,31423,30325,589,6003,673,1,2017
13244,11292,33244,30325,872,6003,673,1,2017
13487,11292,31650,30325,680,6003,677,1,2017
13495,11292,33495,30325,1062,6003,677,1,2017
13871,11292,33316,30325,472,6003,677,1,2017
14683,11292,33214,30325,794,6003,677,1,2017
15919,11292,31834,30325,616,6003,677,1,2017
11003,11292,31003,30325,692,6460,698,1,2017
11292,11003,30325,31003,692,6460,698,1,2017
11292,12339,30325,32337,977,6460,699,1,2017
12339,11292,32337,30325,977,6460,699,1,2017
13487,11292,31650,30325,680,6460,694,1,2017
10620,11292,30620,30325,455,6904,675,1,2017
11292,10620,30325,30620,455,6904,675,1,2017
11292,14783,30325,34783,637,6904,675,1,2017
11292,14814,30325,30476,792,6904,675,1,2017
11292,15376,30325,30436,639,6904,675,1,2017
13198,11292,33198,30325,533,6904,675,1,2017
14814,11292,30476,30325,792,6904,675,1,2017
15376,11292,30436,30325,639,6904,675,1,2017
13930,11109,30977,30189,911,6085,675,1,2017
13891,11292,32575,30325,819,6910,622,2,2017
11921,12892,31921,32575,655,1131,673,1,2017
12892,11921,32575,31921,655,1131,673,1,2017
11292,11298,30325,30194,641,0A050,655,1,2017
11298,11292,30194,30325,641,0A050,655,1,2017
10140,11292,30140,30325,349,7041,631,1,2017
11292,10140,30325,30140,349,7041,631,1,2017
11292,11298,30325,30194,641,7041,631,1,2017
11298,11292,30194,30325,641,7041,631,1,2017
11292,11884,30325,31884,836,6700,629,1,2017
11292,13486,30325,33486,679,6700,673,1,2017
11292,13487,30325,31650,680,6700,673,1,2017
11292,14783,30325,34783,637,6700,631,1,2017
11413,12892,30285,32575,640,6700,631,1,2017
11884,11292,31884,30325,836,6700,629,1,2017
12892,11413,32575,30285,640,6700,631,1,2017
13198,11292,33198,30325,533,6700,629,1,2017
13486,11292,33486,30325,679,6700,673,1,2017
13487,11292,31650,30325,680,6700,673,1,2017
13871,11292,33316,30325,472,6700,629,1,2017
14783,11292,34783,30325,637,6700,631,1,2017
10397,11292,30397,30325,1199,0A875,698,1,2017
10849,11292,30849,30325,524,0A875,634,1,2017
11003,11292,31003,30325,692,0A875,694,1,2017
11066,11292,31066,30325,1154,0A875,614,1,2017
11066,11292,31066,30325,1154,0A875,694,1,2017
11193,11292,33105,30325,1069,0A875,698,1,2017
11292,10713,30325,30713,649,0A875,694,1,2017
11292,10849,30325,30849,524,0A875,634,1,2017
11292,11057,30325,31057,1337,0A875,614,1,2017
11292,11066,30325,31066,1154,0A875,614,1,2017
11292,11066,30325,31066,1154,0A875,694,1,2017
11292,11603,30325,31603,996,0A875,614,1,2017
11292,11648,30325,31648,752,0A875,694,1,2017
11292,12982,30325,32982,3414,0A875,622,1,2017
11292,13485,30325,33485,826,0A875,614,1,2017
11292,13495,30325,33495,1062,0A875,698,1,2017
11292,14100,30325,34100,1558,0A875,614,1,2017
11292,14100,30325,34100,1558,0A875,698,1,2017
11292,14570,30325,34570,804,0A875,634,1,2017
11292,14771,30325,32457,967,0A875,637,1,2017
11433,11292,31295,30325,1123,0A875,634,1,2017
11648,11292,31648,30325,752,0A875,694,1,2017
12982,11292,32982,30325,3414,0A875,622,1,2017
13485,11292,33485,30325,826,0A875,614,1,2017
14570,11292,34570,30325,804,0A875,634,1,2017
10140,11292,30140,30325,349,6725,614,1,2017
10994,11292,30994,30325,1449,6725,614,1,2017
11292,10423,30325,30423,775,6725,619,1,2017
11292,13931,30325,33667,1553,6725,614,1,2017
11292,14679,30325,33570,853,6725,619,1,2017
11292,14683,30325,33214,794,6725,619,1,2017
11292,14831,30325,32457,948,6725,614,1,2017
13342,11292,33342,30325,896,6725,619,1,2017
13487,11292,31650,30325,680,6725,619,1,2017
13931,11292,33667,30325,1553,6725,612,1,2017
14683,11292,33214,30325,794,6725,614,1,2017
14869,11292,34614,30325,391,6725,619,1,2017
15376,11292,30436,30325,639,6725,619,1,2017
11292,12339,30325,32337,977,6003,673,1,2017
11292,14683,30325,33214,794,6003,677,1,2017
11540,11292,30615,30325,563,6003,677,1,2017
14869,11292,34614,30325,391,6003,673,1,2017
11292,13342,30325,33342,896,6460,694,1,2017
11292,14908,30325,32575,846,6460,698,1,2017
13342,11292,33342,30325,896,6460,694,1,2017
14908,11292,32575,30325,846,6460,698,1,2017
11292,13487,30325,31650,680,6795,614,1,2017
11292,12278,30325,30928,420,6904,675,1,2017
12278,11292,30928,30325,420,6904,675,1,2017
13502,13930,33502,30977,1081,6820,631,1,2017
13930,13502,30977,33502,1081,6820,631,1,2017
11292,10800,30325,32575,850,6910,691,2,2017
11292,14730,30325,33044,1024,6910,691,2,2017
11292,14869,30325,34614,391,6910,626,2,2017
14869,11292,34614,30325,391,6910,626,2,2017
11292,11003,30325,31003,692,7041,631,1,2017
11292,12339,30325,32337,977,7041,631,1,2017
12339,11292,32337,30325,977,7041,631,1,2017
10620,11292,30620,30325,455,6700,629,1,2017
11292,10397,30325,30397,1199,6700,673,1,2017
11292,10620,30325,30620,455,6700,629,1,2017
11292,11042,30325,30647,1201,6700,673,1,2017
11292,11413,30325,30285,250,6700,631,1,2017
11292,11648,30325,31648,752,6700,631,1,2017
11292,12278,30325,30928,420,6700,673,1,2017
11292,13198,30325,33198,533,6700,629,1,2017
11292,13244,30325,33244,872,6700,631,1,2017
11292,13433,30325,33304,604,6700,631,1,2017
11292,13871,30325,33316,472,6700,629,1,2017
11292,14689,30325,34689,916,6700,629,1,2017
11413,11292,30285,30325,250,6700,631,1,2017
13198,11292,33198,30325,533,6700,631,1,2017
13244,11292,33244,30325,872,6700,673,1,2017
14262,11292,34262,30325,776,6700,629,1,2017
14869,11292,34614,30325,391,6700,631,1,2017
10713,11292,30713,30325,649,0A875,694,1,2017
11057,11292,31057,30325,1337,0A875,634,1,2017
11292,10821,30325,30852,1491,0A875,698,1,2017
11292,11003,30325,31003,692,0A875,694,1,2017
11292,11057,30325,31057,1337,0A875,634,1,2017
11292,11193,30325,33105,1069,0A875,698,1,2017
11292,11618,30325,31703,1605,0A875,627,1,2017
11292,11884,30325,31884,836,0A875,698,1,2017
11292,13264,30325,33264,964,0A875,694,1,2017
11292,13891,30325,32575,819,0A875,694,1,2017
11292,14831,30325,32457,948,0A875,694,1,2017
11292,14893,30325,33192,909,0A875,694,1,2017
11292,15376,30325,30436,639,0A875,698,1,2017
11697,11292,32467,30325,1703,0A875,614,1,2017
11884,11292,31884,30325,836,0A875,698,1,2017
13198,11292,33198,30325,533,0A875,634,1,2017
13851,11292,33851,30325,495,0A875,634,1,2017
13891,11292,32575,30325,819,0A875,694,1,2017
14057,11292,34057,30325,991,0A875,614,1,2017
14747,11292,30559,30325,1024,0A875,698,1,2017
14831,11292,32457,30325,948,0A875,698,1,2017
15376,11292,30436,30325,639,0A875,698,1,2017
10693,11292,30693,30325,1014,6725,619,1,2017
11292,12954,30325,32575,854,6725,612,1,2017
11292,13487,30325,31650,680,6725,619,1,2017
11292,15016,30325,31123,770,6725,619,1,2017
12191,11292,31453,30325,883,6725,619,1,2017
12954,11292,32575,30325,854,6725,612,1,2017
13851,11292,33851,30325,495,6725,614,1,2017
14122,11292,30198,30325,1290,6725,614,1,2017
15016,11292,31123,30325,770,6725,619,1,2017
15016,11292,31123,30325,770,6003,677,1,2017
11292,14107,30325,30466,602,6460,699,1,2017
14107,11292,30466,30325,602,6460,699,1,2017
13487,11292,31650,30325,680,6795,614,1,2017
11292,11003,30325,31003,692,6904,675,1,2017
11233,11292,31233,30325,90,6932,405,1,2017
11292,11233,30325,31233,90,6932,405,1,2017
11292,13244,30325,33244,872,7041,631,1,2017
13487,11292,31650,30325,680,7041,631,1,2017
13502,13930,33502,30977,1081,7041,631,1,2017
13930,13502,30977,33502,1081,7041,631,1,2017
10397,11292,30397,30325,1199,6700,631,1,2017
11042,11292,30647,30325,1201,6700,673,1,2017
11109,12892,30189,32575,834,6700,673,1,2017
11292,11057,30325,31057,1337,6700,673,1,2017
11292,13264,30325,33264,964,6700,629,1,2017
11292,13964,30325,33964,1040,6700,673,1,2017
11423,11292,31423,30325,589,6700,631,1,2017
11648,11292,31648,30325,752,6700,631,1,2017
12278,11292,30928,30325,420,6700,673,1,2017
13244,11292,33244,30325,872,6700,631,1,2017
13433,11292,33304,30325,604,6700,631,1,2017
13964,11292,33964,30325,1040,6700,673,1,2017
14489,11292,34489,30325,898,6700,631,1,2017
14689,11292,34689,30325,916,6700,629,1,2017
15370,11292,34653,30325,541,6700,631,1,2017
15376,11292,30436,30325,639,6700,631,1,2017
10423,11292,30423,30325,775,0A875,634,1,2017
11292,11433,30325,31295,1123,0A875,634,1,2017
11292,11986,30325,31986,1015,0A875,694,1,2017
11292,12339,30325,32337,977,0A875,614,1,2017
11292,13198,30325,33198,533,0A875,694,1,2017
11292,13342,30325,33342,896,0A875,694,1,2017
11292,13495,30325,33495,1062,0A875,694,1,2017
11618,11292,31703,30325,1605,0A875,627,1,2017
12339,11292,32337,30325,977,0A875,614,1,2017
12339,11292,32337,30325,977,0A875,698,1,2017
13264,11292,33264,30325,964,0A875,694,1,2017
13342,11292,33342,30325,896,0A875,694,1,2017
14100,11292,34100,30325,1558,0A875,694,1,2017
11292,11697,30325,32467,1703,6725,612,1,2017
11292,12451,30325,31136,1447,6725,614,1,2017
11292,13198,30325,33198,533,6725,614,1,2017
11292,13796,30325,32457,957,6725,619,1,2017
11292,13851,30325,33851,495,6725,614,1,2017
12451,11292,31136,30325,1447,6725,614,1,2017
14771,11292,32457,30325,967,6725,614,1,2017
14869,11292,34614,30325,391,6725,614,1,2017
10397,11292,30397,30325,1199,6003,677,1,2017
11292,10397,30325,30397,1199,6003,677,1,2017
11292,11298,30325,30194,641,6003,677,1,2017
11292,13871,30325,33316,472,6003,677,1,2017
11292,14730,30325,33044,1024,6003,677,1,2017
11109,11921,30189,31921,207,6200,622,2,2017
11292,13244,30325,33244,872,6200,626,2,2017
11292,13244,30325,33244,872,6200,730,2,2017
11921,11109,31921,30189,207,6200,622,2,2017
13244,11292,33244,30325,872,6200,730,2,2017
11292,11775,30325,31775,483,6904,675,1,2017
11921,12889,31921,32211,420,6035,655,1,2017
12889,11921,32211,31921,420,6035,655,1,2017
11292,15412,30325,35412,1162,7041,631,1,2017
15412,11292,35412,30325,1162,7041,631,1,2017
10423,11292,30423,30325,775,6700,631,1,2017
10561,11292,30561,30325,845,6700,673,1,2017
11057,11292,31057,30325,1337,6700,673,1,2017
11292,11921,30325,31921,212,6700,631,1,2017
11292,14524,30325,34524,1482,6700,673,1,2017
14524,11292,34524,30325,1482,6700,673,1,2017
10620,11292,30620,30325,455,0A875,614,1,2017
10713,11292,30713,30325,649,0A875,698,1,2017
10800,11292,32575,30325,850,0A875,698,1,2017
11292,10620,30325,30620,455,0A875,614,1,2017
11292,10713,30325,30713,649,0A875,698,1,2017
11292,10800,30325,32575,850,0A875,698,1,2017
11292,11423,30325,31423,589,0A875,634,1,2017
11292,11603,30325,31603,996,0A875,634,1,2017
11292,11603,30325,31603,996,0A875,698,1,2017
11292,13342,30325,33342,896,0A875,634,1,2017
11292,13851,30325,33851,495,0A875,698,1,2017
11292,14122,30325,30198,1290,0A875,698,1,2017
11292,14869,30325,34614,391,0A875,634,1,2017
11423,11292,31423,30325,589,0A875,634,1,2017
11603,11292,31603,30325,996,0A875,634,1,2017
13198,11292,33198,30325,533,0A875,694,1,2017
13342,11292,33342,30325,896,0A875,634,1,2017
14100,11292,34100,30325,1558,0A875,614,1,2017
14122,11292,30198,30325,1290,0A875,698,1,2017
15370,11292,34653,30325,541,0A875,694,1,2017
10423,11292,30423,30325,775,6725,619,1,2017
11042,11292,30647,30325,1201,6725,614,1,2017
11292,11618,30325,31703,1605,6725,614,1,2017
11292,14193,30325,33728,1179,6725,612,1,2017
11292,14492,30325,34492,1436,6725,614,1,2017
14193,11292,33728,30325,1179,6725,612,1,2017
15370,11292,34653,30325,541,6725,619,1,2017
11003,11292,31003,30325,692,6904,675,1,2017
11292,12094,30325,34699,141,6904,675,1,2017
11775,11292,31775,30325,483,6904,675,1,2017
11292,14730,30325,33044,1024,6910,740,2,2017
14730,11292,33044,30325,1024,6910,740,2,2017
11292,14107,30325,30466,602,0A050,694,1,2017
14107,11292,30466,30325,602,0A050,694,1,2017
11292,11042,30325,30647,1201,7041,631,1,2017
11193,11292,33105,30325,1069,6700,631,1,2017
11292,15376,30325,30436,639,6700,631,1,2017
13851,11292,33851,30325,495,6700,631,1,2017
10423,11292,30423,30325,775,0A875,698,1,2017
11292,10423,30325,30423,775,0A875,698,1,2017
11292,10529,30325,30529,1671,0A875,694,1,2017
11292,11433,30325,31295,1123,0A875,694,1,2017
11292,11697,30325,32467,1703,0A875,614,1,2017
11292,12953,30325,31703,1620,0A875,698,1,2017
11292,13485,30325,33485,826,0A875,694,1,2017
11292,13487,30325,31650,680,0A875,634,1,2017
11292,14747,30325,30559,1024,0A875,634,1,2017
11292,15370,30325,34653,541,0A875,694,1,2017
11603,11292,31603,30325,996,0A875,698,1,2017
13495,11292,33495,30325,1062,0A875,694,1,2017
14869,11292,34614,30325,391,0A875,634,1,2017
11292,11884,30325,31884,836,6725,614,1,2017
11292,12191,30325,31453,883,6725,619,1,2017
11292,12892,30325,32575,862,6725,619,1,2017
11292,13851,30325,33851,495,6725,619,1,2017
11292,14107,30325,30466,602,6725,619,1,2017
11292,14771,30325,32457,967,6725,619,1,2017
12889,11292,32211,30325,628,6725,619,1,2017
13198,11292,33198,30325,533,6725,619,1,2017
14492,11292,34492,30325,1436,6725,614,1,2017
10693,11292,30693,30325,1014,6003,677,1,2017
11109,14771,30189,32457,964,6460,698,1,2017
14771,11109,32457,30189,964,6460,698,1,2017
11292,13796,30325,32457,957,6200,740,2,2017
11292,12012,30325,32012,152,6904,675,1,2017
12012,11292,32012,30325,152,6904,675,1,2017
12094,11292,34699,30325,141,6904,675,1,2017
10466,11109,30466,30189,543,6035,698,1,2017
11109,10466,30189,30466,543,6035,698,1,2017
11109,12889,30189,32211,604,6035,655,1,2017
11921,12892,31921,32575,655,6035,698,1,2017
12889,11109,32211,30189,604,6035,655,1,2017
12892,11921,32575,31921,655,6035,698,1,2017
10643,11292,30643,30325,665,1158,675,1,2017
11292,10643,30325,30643,665,1158,675,1,2017
11292,11003,30325,31003,692,6700,629,1,2017
11292,11648,30325,31648,752,6700,673,1,2017
11292,13851,30325,33851,495,6700,629,1,2017
11292,13851,30325,33851,495,6700,631,1,2017
11648,11292,31648,30325,752,6700,673,1,2017
11921,11292,31921,30325,212,6700,631,1,2017
13264,11292,33264,30325,964,6700,673,1,2017
10821,11292,30852,30325,1491,0A875,694,1,2017
11292,12339,30325,32337,977,0A875,694,1,2017
11292,14057,30325,34057,991,0A875,614,1,2017
11433,11292,31295,30325,1123,0A875,694,1,2017
11603,11292,31603,30325,996,0A875,694,1,2017
12339,11292,32337,30325,977,0A875,694,1,2017
13485,11292,33485,30325,826,0A875,694,1,2017
11292,10397,30325,30397,1199,6725,619,1,2017
11292,10529,30325,30529,1671,6725,614,1,2017
12339,11292,32337,30325,977,6725,614,1,2017
13487,11292,31650,30325,680,6725,614,1,2017
14683,11292,33214,30325,794,6725,619,1,2017
11292,11278,30325,30852,1476,6460,698,1,2017
14730,11292,33044,30325,1024,6910,622,2,2017
11066,11292,31066,30325,1154,6700,673,1,2017
11292,10800,30325,32575,850,6700,629,1,2017
11292,11066,30325,31066,1154,6700,673,1,2017
11292,15376,30325,30436,639,6700,673,1,2017
15016,11292,31123,30325,770,6700,629,1,2017
10529,11292,30529,30325,1671,0A875,694,1,2017
11292,10821,30325,30852,1491,0A875,694,1,2017
11292,11423,30325,31423,589,0A875,694,1,2017
11292,11775,30325,31775,483,0A875,614,1,2017
11292,14262,30325,34262,776,0A875,698,1,2017
11423,11292,31423,30325,589,0A875,694,1,2017
12264,11292,30852,30325,1452,0A875,694,1,2017
13495,11292,33495,30325,1062,0A875,634,1,2017
13891,11292,32575,30325,819,0A875,634,1,2017
14262,11292,34262,30325,776,0A875,698,1,2017
11292,11042,30325,30647,1201,6725,612,1,2017
11292,12889,30325,32211,628,6725,619,1,2017
11292,13487,30325,31650,680,6725,614,1,2017
11292,14730,30325,33044,1024,6725,612,1,2017
13851,11292,33851,30325,495,6725,619,1,2017
14730,11292,33044,30325,1024,6725,612,1,2017
14771,11292,32457,30325,967,6725,619,1,2017
12266,11109,31453,30189,809,6003,677,1,2017
11278,11292,30852,30325,1476,6460,698,1,2017
11292,11423,30325,31423,589,6460,698,1,2017
11423,11292,31423,30325,589,6460,698,1,2017
11292,13244,30325,33244,872,6200,691,2,2017
13244,11292,33244,30325,872,6200,626,2,2017
11292,15370,30325,34653,541,6904,675,1,2017
15370,11292,34653,30325,541,6904,675,1,2017
11292,15177,30325,35177,218,6932,405,1,2017
15177,11292,35177,30325,218,6932,405,1,2017
10950,14107,30950,30466,328,1177,479,1,2017
14107,10950,30466,30950,328,1177,479,1,2017
11292,12953,30325,31703,1620,1260,698,1,2017
13851,11292,33851,30325,495,6700,629,1,2017
10821,11292,30852,30325,1491,0A875,614,1,2017
11292,11603,30325,31603,996,0A875,694,1,2017
11292,12264,30325,30852,1452,0A875,694,1,2017
11292,13495,30325,33495,1062,0A875,614,1,2017
11292,13871,30325,33316,472,0A875,634,1,2017
11292,13891,30325,32575,819,0A875,634,1,2017
11292,14893,30325,33192,909,0A875,614,1,2017
11775,11292,31775,30325,483,0A875,614,1,2017
11292,12264,30325,30852,1452,6725,614,1,2017
12892,11292,32575,30325,862,6725,619,1,2017
13198,11292,33198,30325,533,6725,614,1,2017
14107,11292,30466,30325,602,6725,619,1,2017
11109,12892,30189,32575,834,6460,698,1,2017
12892,11109,32575,30189,834,6460,698,1,2017
11292,11986,30325,31986,1015,6904,675,1,2017
11292,12478,30325,31703,1626,6673,694,1,2017
12478,11292,31703,30325,1626,6673,694,1,2017
11292,14683,30325,33214,794,7041,631,1,2017
14683,11292,33214,30325,794,7041,631,1,2017
11292,11603,30325,31603,996,6700,629,1,2017
11292,13487,30325,31650,680,0A875,694,1,2017
11292,14492,30325,34492,1436,0A875,698,1,2017
11292,14747,30325,30559,1024,0A875,614,1,2017
11298,11292,30194,30325,641,0A875,694,1,2017
13342,11292,33342,30325,896,0A875,614,1,2017
13487,11292,31650,30325,680,0A875,634,1,2017
14893,11292,33192,30325,909,0A875,694,1,2017
11292,10693,30325,30693,1014,6725,619,1,2017
11638,11921,31638,31921,632,6200,622,2,2017
14783,11292,34783,30325,637,6904,675,1,2017
11193,11292,33105,30325,1069,6035,698,1,2017
11292,11193,30325,33105,1069,6035,698,1,2017
12953,11292,31703,30325,1620,1260,698,1,2017
11292,14869,30325,34614,391,6700,631,1,2017
13367,11292,33367,30325,752,6700,629,1,2017
11292,10620,30325,30620,455,0A875,694,1,2017
11292,11423,30325,31423,589,0A875,614,1,2017
11292,13342,30325,33342,896,0A875,614,1,2017
11292,13871,30325,33316,472,0A875,614,1,2017
11292,13891,30325,32575,819,0A875,614,1,2017
11292,15304,30325,33195,1506,0A875,694,1,2017
13204,11292,31454,30325,1546,0A875,634,1,2017
14492,11292,34492,30325,1436,0A875,698,1,2017
14679,11292,33570,30325,853,0A875,694,1,2017
10849,11292,30849,30325,524,6460,698,1,2017
11003,11292,31003,30325,692,6460,694,1,2017
11292,10849,30325,30849,524,6460,698,1,2017
11292,11003,30325,31003,692,6460,694,1,2017
11292,11995,30325,31995,1370,6460,698,1,2017
11292,14747,30325,30559,1024,6460,698,1,2017
11995,11292,31995,30325,1370,6460,698,1,2017
14747,11292,30559,30325,1024,6460,698,1,2017
13796,11292,32457,30325,957,6200,622,2,2017
11003,11292,31003,30325,692,6700,629,1,2017
10620,11292,30620,30325,455,0A875,694,1,2017
11292,10423,30325,30423,775,0A875,614,1,2017
11292,14679,30325,33570,853,0A875,614,1,2017
11423,11292,31423,30325,589,0A875,614,1,2017
12266,11292,31453,30325,862,0A875,698,1,2017
13871,11292,33316,30325,472,0A875,614,1,2017
13891,11292,32575,30325,819,0A875,614,1,2017
14831,11292,32457,30325,948,0A875,614,1,2017
11259,11292,30194,30325,651,6725,619,1,2017
11697,11292,32467,30325,1703,6725,614,1,2017
10693,11292,30693,30325,1014,6460,699,1,2017
11292,10693,30325,30693,1014,6460,699,1,2017
11109,14747,30189,30559,1068,6700,673,1,2017
11603,11292,31603,30325,996,6700,629,1,2017
14747,11109,30559,30189,1068,6700,673,1,2017
10140,11292,30140,30325,349,0A875,614,1,2017
11292,14122,30325,30198,1290,0A875,614,1,2017
13871,11292,33316,30325,472,0A875,634,1,2017
14122,11292,30198,30325,1290,0A875,614,1,2017
11423,11292,31423,30325,589,6003,677,1,2017
11292,13485,30325,33485,826,6460,694,1,2017
13485,11292,33485,30325,826,6460,694,1,2017
11292,13244,30325,33244,872,6200,732,2,2017
11292,12003,30325,31895,624,6904,675,1,2017
11292,15919,30325,31834,616,6904,675,1,2017
15919,11292,31834,30325,616,6904,675,1,2017
11109,14747,30189,30559,1068,6580,673,1,2017
14747,11109,30559,30189,1068,6580,673,1,2017
11433,11292,31295,30325,1123,1260,888,1,2017
11292,13367,30325,33367,752,6700,629,1,2017
11292,10140,30325,30140,349,0A875,614,1,2017
12889,11292,32211,30325,628,0A875,694,1,2017
12953,11292,31703,30325,1620,0A875,698,1,2017
14747,11292,30559,30325,1024,0A875,614,1,2017
14893,11292,33192,30325,909,0A875,614,1,2017
13244,11292,33244,30325,872,6003,677,1,2017
10693,11292,30693,30325,1014,6460,694,1,2017
11292,10693,30325,30693,1014,6460,694,1,2017
11292,13486,30325,33486,679,6460,698,1,2017
11292,15412,30325,35412,1162,6460,698,1,2017
13486,11292,33486,30325,679,6460,698,1,2017
15412,11292,35412,30325,1162,6460,698,1,2017
11921,11638,31921,31638,632,6200,622,2,2017
11921,13244,31921,33244,1061,6200,622,2,2017
13244,11292,33244,30325,872,6200,622,2,2017
13244,11292,33244,30325,872,6200,732,2,2017
13244,11921,33244,31921,1061,6200,622,2,2017
12003,11292,31895,30325,624,6904,675,1,2017
12992,11292,32600,30325,771,6904,675,1,2017
10950,14107,30950,30466,328,1177,458,1,2017
14107,10950,30466,30950,328,1177,458,1,2017
11292,13487,30325,31650,680,1260,622,1,2017
11433,11292,31295,30325,1123,1260,622,1,2017
15370,11292,34653,30325,541,7041,631,1,2017
10140,11292,30140,30325,349,6700,673,1,2017
11292,13198,30325,33198,533,6700,631,1,2017
11292,14262,30325,34262,776,6700,673,1,2017
11540,11292,30615,30325,563,6700,631,1,2017
14262,11292,34262,30325,776,6700,673,1,2017
11066,11292,31066,30325,1154,0A875,698,1,2017
11292,10140,30325,30140,349,0A875,634,1,2017
11292,11042,30325,30647,1201,0A875,634,1,2017
11292,12339,30325,32337,977,0A875,634,1,2017
11292,12889,30325,32211,628,0A875,694,1,2017
13264,11292,33264,30325,964,0A875,698,1,2017
13495,11292,33495,30325,1062,0A875,614,1,2017
14122,11292,30198,30325,1290,0A875,634,1,2017
14831,11292,32457,30325,948,0A875,634,1,2017
11292,11259,30325,30194,651,6725,619,1,2017
11292,14057,30325,34057,991,6460,698,1,2017
11292,14747,30325,30559,1024,6460,694,1,2017
14057,11292,34057,30325,991,6460,698,1,2017
14747,11292,30559,30325,1024,6460,694,1,2017
11292,13367,30325,33367,752,6904,675,1,2017
11292,11540,30325,30615,563,6700,631,1,2017
11292,11603,30325,31603,996,6700,673,1,2017
11292,15919,30325,31834,616,6700,631,1,2017
11603,11292,31603,30325,996,6700,673,1,2017
12278,11292,30928,30325,420,6700,631,1,2017
10140,11292,30140,30325,349,0A875,634,1,2017
11292,10821,30325,30852,1491,0A875,614,1,2017
11292,11066,30325,31066,1154,0A875,698,1,2017
11292,12266,30325,31453,862,0A875,698,1,2017
11292,14122,30325,30198,1290,0A875,634,1,2017
11292,14831,30325,32457,948,0A875,614,1,2017
11292,14831,30325,32457,948,0A875,698,1,2017
11292,14869,30325,34614,391,0A875,694,1,2017
11292,15016,30325,31123,770,0A875,694,1,2017
14869,11292,34614,30325,391,0A875,694,1,2017
15304,11292,33195,30325,1506,0A875,634,1,2017
11292,12889,30325,32211,628,6725,614,1,2017
11292,15370,30325,34653,541,6003,677,1,2017
11109,11292,30189,30325,73,6904,675,1,2017
11292,11109,30325,30189,73,6904,675,1,2017
11423,11292,31423,30325,589,6904,675,1,2017
10620,11292,30620,30325,455,6910,691,2,2017
11292,10620,30325,30620,455,6910,691,2,2017
11292,13891,30325,32575,819,6910,691,2,2017
13891,11292,32575,30325,819,6910,691,2,2017
14512,11292,34512,30325,828,6910,691,2,2017
11292,12278,30325,30928,420,6700,631,1,2017
11292,14730,30325,33044,1024,6700,631,1,2017
14457,11292,34457,30325,300,6700,673,1,2017
10529,11292,30529,30325,1671,0A875,698,1,2017
10849,11292,30849,30325,524,0A875,698,1,2017
11292,10849,30325,30849,524,0A875,698,1,2017
11292,13264,30325,33264,964,0A875,698,1,2017
11292,13495,30325,33495,1062,0A875,634,1,2017
11292,14107,30325,30466,602,0A875,614,1,2017
11292,14570,30325,34570,804,0A875,698,1,2017
11292,14683,30325,33214,794,0A875,634,1,2017
11292,14771,30325,32457,967,0A875,889,1,2017
11775,11292,31775,30325,483,0A875,698,1,2017
11884,11292,31884,30325,836,0A875,614,1,2017
14570,11292,34570,30325,804,0A875,698,1,2017
14771,11292,32457,30325,967,0A875,889,1,2017
15304,11292,33195,30325,1506,0A875,694,1,2017
10140,11292,30140,30325,349,6003,677,1,2017
11292,10140,30325,30140,349,6003,677,1,2017
11292,11042,30325,30647,1201,6003,677,1,2017
11292,14869,30325,34614,391,6003,677,1,2017
13198,11292,33198,30325,533,6003,677,1,2017
11109,13930,30189,30977,911,6460,698,1,2017
10194,11292,30194,30325,626,6200,622,2,2017
11292,10194,30325,30194,626,6200,622,2,2017
13244,11292,33244,30325,872,6200,691,2,2017
10397,11292,30397,30325,1199,7041,631,1,2017
11292,13367,30325,33367,752,7041,631,1,2017
11292,13495,30325,33495,1062,7041,631,1,2017
10372,14869,30372,34614,292,6700,631,1,2017
11267,11292,31267,30325,1085,6700,673,1,2017
11292,13198,30325,33198,533,6700,673,1,2017
11292,15919,30325,31834,616,6700,629,1,2017
11298,11292,30194,30325,641,6700,631,1,2017
11638,11292,31638,30325,844,6700,673,1,2017
14107,11292,30466,30325,602,6700,673,1,2017
14683,11292,33214,30325,794,6700,631,1,2017
10423,11292,30423,30325,775,0A875,694,1,2017
11057,11292,31057,30325,1337,0A875,694,1,2017
11292,11057,30325,31057,1337,0A875,694,1,2017
11292,11775,30325,31775,483,0A875,694,1,2017
11292,11775,30325,31775,483,0A875,698,1,2017
11292,11884,30325,31884,836,0A875,614,1,2017
11292,13198,30325,33198,533,0A875,698,1,2017
11292,13851,30325,33851,495,0A875,694,1,2017
11292,14122,30325,30198,1290,0A875,694,1,2017
11292,14679,30325,33570,853,0A875,694,1,2017
11292,14683,30325,33214,794,0A875,694,1,2017
11775,11292,31775,30325,483,0A875,694,1,2017
11292,11042,30325,30647,1201,6725,614,1,2017
11292,11423,30325,31423,589,6460,694,1,2017
11423,11292,31423,30325,589,6460,694,1,2017
13930,11109,30977,30189,911,6460,698,1,2017
13487,11292,31650,30325,680,1260,888,1,2017
11292,12278,30325,30928,420,7041,631,1,2017
10713,11292,30713,30325,649,6700,629,1,2017
11292,10140,30325,30140,349,6700,673,1,2017
11292,15016,30325,31123,770,6700,629,1,2017
14869,10372,34614,30372,292,6700,631,1,2017
10397,11292,30397,30325,1199,0A875,614,1,2017
11292,11697,30325,32467,1703,0A875,694,1,2017
11292,13487,30325,31650,680,0A875,614,1,2017
11292,13891,30325,32575,819,0A875,698,1,2017
11292,14057,30325,34057,991,0A875,694,1,2017
11292,14747,30325,30559,1024,0A875,698,1,2017
11292,14831,30325,32457,948,0A875,634,1,2017
11292,15304,30325,33195,1506,0A875,634,1,2017
11986,11292,31986,30325,1015,0A875,698,1,2017
13198,11292,33198,30325,533,0A875,698,1,2017
13891,11292,32575,30325,819,0A875,698,1,2017
14100,11292,34100,30325,1558,0A875,698,1,2017
14122,11292,30198,30325,1290,0A875,694,1,2017
15016,11292,31123,30325,770,0A875,694,1,2017
15304,11292,33195,30325,1506,0A875,614,1,2017
11292,10529,30325,30529,1671,6725,612,1,2017
11292,14570,30325,34570,804,6725,614,1,2017
11292,14730,30325,33044,1024,6725,614,1,2017
11292,14869,30325,34614,391,6725,614,1,2017
11292,13198,30325,33198,533,6003,677,1,2017
10140,11413,30140,30285,160,6299,416,2,2017
11711,11413,31711,30285,40,6299,416,2,2017
11292,11193,30325,33105,1069,7041,631,1,2017
12094,11292,34699,30325,141,7041,631,1,2017
14783,11292,34783,30325,637,7041,631,1,2017
10372,14771,30372,32457,848,6700,631,1,2017
10423,11292,30423,30325,775,6700,673,1,2017
11447,11292,31447,30325,638,6700,629,1,2017
12992,11292,32600,30325,771,6700,631,1,2017
13029,11292,33029,30325,423,6700,673,1,2017
11292,10529,30325,30529,1671,0A875,698,1,2017
11292,13871,30325,33316,472,0A875,694,1,2017
11292,14524,30325,34524,1482,0A875,698,1,2017
11292,14689,30325,34689,916,0A875,698,1,2017
11292,14771,30325,32457,967,0A875,627,1,2017
11697,11292,32467,30325,1703,0A875,694,1,2017
13487,11292,31650,30325,680,0A875,694,1,2017
13495,11292,33495,30325,1062,0A875,698,1,2017
13871,11292,33316,30325,472,0A875,694,1,2017
14057,11292,34057,30325,991,0A875,694,1,2017
14524,11292,34524,30325,1482,0A875,698,1,2017
14683,11292,33214,30325,794,0A875,634,1,2017
14689,11292,34689,30325,916,0A875,698,1,2017
11042,11292,30647,30325,1201,6725,612,1,2017
11292,11066,30325,31066,1154,6725,614,1,2017
11292,12953,30325,31703,1620,6725,614,1,2017
11292,11066,30325,31066,1154,6003,677,1,2017
10627,11292,30627,30325,516,6460,694,1,2017
11292,10627,30325,30627,516,6460,694,1,2017
10140,11413,30140,30285,160,6200,416,2,2017
11109,13244,30189,33244,854,6200,622,2,2017
11711,11413,31711,30285,40,6200,416,2,2017
12094,11122,34699,31122,172,6200,416,2,2017
13244,11109,33244,30189,854,6200,622,2,2017
11292,14570,30325,34570,804,6910,691,2,2017
11292,12094,30325,34699,141,7041,631,1,2017
11292,13871,30325,33316,472,7041,631,1,2017
11292,14457,30325,34457,300,7041,631,1,2017
10140,11292,30140,30325,349,6700,629,1,2017
10397,11292,30397,30325,1199,6700,673,1,2017
10800,11292,32575,30325,850,6700,673,1,2017
11193,11292,33105,30325,1069,6700,673,1,2017
11292,10140,30325,30140,349,6700,629,1,2017
11292,11298,30325,30194,641,6700,673,1,2017
11292,11638,30325,31638,844,6700,673,1,2017
11292,14107,30325,30466,602,6700,673,1,2017
11775,11292,31775,30325,483,6700,673,1,2017
13198,11292,33198,30325,533,6700,673,1,2017
13264,11292,33264,30325,964,6700,629,1,2017
14698,11292,34236,30325,931,6700,629,1,2017
14771,10372,32457,30372,848,6700,631,1,2017
10713,11292,30713,30325,649,0A875,634,1,2017
11292,10713,30325,30713,649,0A875,634,1,2017
11292,12441,30325,32441,406,0A875,698,1,2017
13851,11292,33851,30325,495,0A875,694,1,2017
13851,11292,33851,30325,495,0A875,698,1,2017
14100,11292,34100,30325,1558,0A875,634,1,2017
14107,11292,30466,30325,602,0A875,614,1,2017
14771,11292,32457,30325,967,0A875,627,1,2017
10994,11292,30994,30325,1449,6725,612,1,2017
11292,10713,30325,30713,649,6725,614,1,2017
11292,10994,30325,30994,1449,6725,612,1,2017
11433,11292,31295,30325,1123,6725,614,1,2017
14730,11292,33044,30325,1024,6725,614,1,2017
15376,11292,30436,30325,639,6725,614,1,2017
11066,11292,31066,30325,1154,6003,677,1,2017
13158,11292,33158,30325,563,6003,677,1,2017
11292,15412,30325,35412,1162,6904,675,1,2017
15412,11292,35412,30325,1162,6904,675,1,2017
12266,13502,31453,33502,927,6085,675,1,2017
13502,12266,33502,31453,927,6085,675,1,2017
11193,11292,33105,30325,1069,1260,608,1,2017
11292,11193,30325,33105,1069,1260,608,1,2017
11292,14783,30325,34783,637,7041,631,1,2017
12278,11292,30928,30325,420,7041,631,1,2017
10800,11292,32575,30325,850,6700,629,1,2017
11292,14698,30325,34236,931,6700,629,1,2017
12266,10372,31453,30372,913,6700,631,1,2017
15370,11292,34653,30325,541,6700,629,1,2017
10713,11292,30713,30325,649,0A875,614,1,2017
11292,10423,30325,30423,775,0A875,634,1,2017
11292,10423,30325,30423,775,0A875,694,1,2017
11292,11298,30325,30194,641,0A875,614,1,2017
11292,11697,30325,32467,1703,0A875,634,1,2017
11292,12278,30325,30928,420,0A875,694,1,2017
11292,12758,30325,32758,3329,0A875,622,1,2017
11292,13830,30325,33830,3302,0A875,622,1,2017
11292,15304,30325,33195,1506,0A875,614,1,2017
11697,11292,32467,30325,1703,0A875,634,1,2017
12278,11292,30928,30325,420,0A875,694,1,2017
12441,11292,32441,30325,406,0A875,698,1,2017
12758,11292,32758,30325,3329,0A875,622,1,2017
13830,11292,33830,30325,3302,0A875,622,1,2017
15370,11292,34653,30325,541,0A875,698,1,2017
10713,11292,30713,30325,649,6725,614,1,2017
11292,12451,30325,31136,1447,6725,612,1,2017
12451,11292,31136,30325,1447,6725,612,1,2017
13891,11292,32575,30325,819,6725,614,1,2017
14831,11292,32457,30325,948,6725,614,1,2017
10423,11292,30423,30325,775,6003,677,1,2017
11292,13158,30325,33158,563,6003,677,1,2017
14730,11292,33044,30325,1024,6003,677,1,2017
15370,11292,34653,30325,541,6003,677,1,2017
11292,11775,30325,31775,483,6460,694,1,2017
11775,11292,31775,30325,483,6460,694,1,2017
11122,12094,31122,34699,172,6200,416,2,2017
11109,12266,30189,31453,809,6085,675,1,2017
11292,10950,30325,30950,277,1177,479,1,2017
11193,11292,33105,30325,1069,7041,631,1,2017
11292,13264,30325,33264,964,6700,673,1,2017
14262,11292,34262,30325,776,6700,631,1,2017
10721,11292,30721,30325,1754,0A875,614,1,2017
11057,11292,31057,30325,1337,0A875,698,1,2017
11292,10397,30325,30397,1199,0A875,614,1,2017
11292,10713,30325,30713,649,0A875,614,1,2017
11292,11057,30325,31057,1337,0A875,698,1,2017
11292,14771,30325,32457,967,0A875,698,1,2017
11298,11292,30194,30325,641,0A875,614,1,2017
13487,11292,31650,30325,680,0A875,614,1,2017
14893,11292,33192,30325,909,0A875,698,1,2017
11259,11292,30194,30325,651,6725,614,1,2017
14893,11292,33192,30325,909,6725,614,1,2017
11292,13851,30325,33851,495,6003,677,1,2017
11292,14869,30325,34614,391,6460,698,1,2017
11292,15016,30325,31123,770,6460,698,1,2017
12889,11109,32211,30189,604,6460,698,1,2017
14869,11292,34614,30325,391,6460,698,1,2017
15016,11292,31123,30325,770,6460,698,1,2017
11413,10140,30285,30140,160,6299,416,2,2017
13244,11292,33244,30325,872,7041,631,1,2017
13851,11292,33851,30325,495,7041,631,1,2017
10372,12266,30372,31453,913,6700,631,1,2017
10693,11292,30693,30325,1014,6700,673,1,2017
11292,10599,30325,30599,1083,6700,631,1,2017
11292,11775,30325,31775,483,6700,673,1,2017
11292,14262,30325,34262,776,6700,631,1,2017
11292,14814,30325,30476,792,6700,629,1,2017
11423,11292,31423,30325,589,6700,673,1,2017
12389,11292,32389,30325,576,6700,629,1,2017
13871,11292,33316,30325,472,6700,673,1,2017
14814,11292,30476,30325,792,6700,629,1,2017
11292,15370,30325,34653,541,0A875,698,1,2017
14107,11292,30466,30325,602,0A875,634,1,2017
14831,11292,32457,30325,948,0A875,694,1,2017
10423,11292,30423,30325,775,6725,614,1,2017
11292,14100,30325,34100,1558,6725,612,1,2017
11292,14122,30325,30198,1290,6725,612,1,2017
11697,11292,32467,30325,1703,6725,612,1,2017
11884,11292,31884,30325,836,6725,614,1,2017
11109,12889,30189,32211,604,6460,698,1,2017
11292,12339,30325,32337,977,6460,694,1,2017
11292,12889,30325,32211,628,6460,698,1,2017
12339,11292,32337,30325,977,6460,694,1,2017
12889,11292,32211,30325,628,6460,698,1,2017
11413,10140,30285,30140,160,6200,416,2,2017
11292,13487,30325,31650,680,6795,612,1,2017
13487,11292,31650,30325,680,6795,612,1,2017
11292,13198,30325,33198,533,6904,675,1,2017
11292,13502,30325,33502,196,6904,675,1,2017
13502,11292,33502,30325,196,6904,675,1,2017
10140,10272,30140,30272,170,1177,479,1,2017
10272,10140,30272,30140,170,1177,479,1,2017
10950,11292,30950,30325,277,1177,479,1,2017
11292,13198,30325,33198,533,7041,631,1,2017
11292,13486,30325,33486,679,7041,631,1,2017
13871,11292,33316,30325,472,7041,631,1,2017
10693,11292,30693,30325,1014,6700,631,1,2017
11292,10693,30325,30693,1014,6700,673,1,2017
11292,12389,30325,32389,576,6700,629,1,2017
11292,13029,30325,33029,423,6700,673,1,2017
11292,13871,30325,33316,472,6700,673,1,2017
12892,11109,32575,30189,834,6700,629,1,2017
11292,10821,30325,30852,1491,0A875,634,1,2017
11292,14107,30325,30466,602,0A875,634,1,2017
11292,14683,30325,33214,794,0A875,614,1,2017
11292,14893,30325,33192,909,0A875,698,1,2017
14107,11292,30466,30325,602,0A875,698,1,2017
14683,11292,33214,30325,794,0A875,614,1,2017
10257,11292,30257,30325,1610,6725,612,1,2017
10529,11292,30529,30325,1671,6725,614,1,2017
10721,11292,30721,30325,1754,6725,614,1,2017
11292,11433,30325,31295,1123,6725,614,1,2017
14570,11292,34570,30325,804,6725,614,1,2017
11109,11292,30189,30325,73,6003,677,1,2017
11292,10423,30325,30423,775,6003,677,1,2017
11292,13244,30325,33244,872,6200,740,2,2017
11292,14100,30325,34100,1558,0A050,614,1,2017
11292,14107,30325,30466,602,0A050,698,1,2017
11503,11298,31503,30194,721,0A050,622,1,2017
12892,11292,32575,30325,862,0A050,614,1,2017
13303,11292,32467,30325,1709,0A050,699,1,2017
14107,11292,30466,30325,602,0A050,698,1,2017
11292,11433,30325,31295,1123,1260,694,1,2017
11292,13851,30325,33851,495,7041,631,1,2017
13486,11292,33486,30325,679,7041,631,1,2017
10599,11292,30599,30325,1083,6700,631,1,2017
11109,13930,30189,30977,911,6700,673,1,2017
11292,13029,30325,33029,423,6700,629,1,2017
13029,11292,33029,30325,423,6700,629,1,2017
10423,11292,30423,30325,775,0A875,614,1,2017
11278,11292,30852,30325,1476,0A875,634,1,2017
11292,11278,30325,30852,1476,0A875,634,1,2017
11292,14122,30325,30198,1290,6725,614,1,2017
11292,14492,30325,34492,1436,6460,698,1,2017
11292,14683,30325,33214,794,6460,698,1,2017
14057,11292,34057,30325,991,6460,694,1,2017
14492,11292,34492,30325,1436,6460,698,1,2017
14683,11292,33214,30325,794,6460,698,1,2017
11292,11433,30325,31295,1123,6830,694,1,2017
11292,11697,30325,32467,1703,6830,699,1,2017
11697,11292,32467,30325,1703,6830,699,1,2017
12266,11292,31453,30325,862,6830,694,1,2017
13502,11298,33502,30194,722,6689,638,1,2017
11292,11637,30325,31637,627,6904,675,1,2017
11109,13930,30189,30977,911,6085,675,1,2017
11292,12892,30325,32575,862,0A050,614,1,2017
11292,13303,30325,32467,1709,0A050,699,1,2017
11298,11503,30194,31503,721,0A050,622,1,2017
10372,11298,30372,30194,701,6700,631,1,2017
11292,12278,30325,30928,420,6700,629,1,2017
11298,10372,30194,30372,701,6700,631,1,2017
11292,10397,30325,30397,1199,0A875,634,1,2017
11292,11884,30325,31884,836,0A875,634,1,2017
11292,12892,30325,32575,862,0A875,627,1,2017
11292,14107,30325,30466,602,0A875,698,1,2017
11292,14771,30325,32457,967,0A875,887,1,2017
12892,11292,32575,30325,862,0A875,627,1,2017
11292,11986,30325,31986,1015,6725,612,1,2017
11292,12339,30325,32337,977,6725,614,1,2017
11618,11292,31703,30325,1605,6725,614,1,2017
11986,11292,31986,30325,1015,6725,612,1,2017
10599,11292,30599,30325,1083,6003,677,1,2017
10397,11292,30397,30325,1199,6460,694,1,2017
11292,11066,30325,31066,1154,6460,694,1,2017
11292,14057,30325,34057,991,6460,694,1,2017
11292,14679,30325,33570,853,6460,698,1,2017
12264,11292,30852,30325,1452,6460,698,1,2017
14679,11292,33570,30325,853,6460,698,1,2017
11292,12266,30325,31453,862,6830,694,1,2017
11292,12892,30325,32575,862,6830,694,1,2017
11292,14679,30325,33570,853,6830,694,1,2017
11298,11292,30194,30325,641,6830,694,1,2017
11433,11292,31295,30325,1123,6830,694,1,2017
12892,11292,32575,30325,862,6830,694,1,2017
13487,11292,31650,30325,680,6830,694,1,2017
14679,11292,33570,30325,853,6830,694,1,2017
11298,13502,30194,33502,722,6689,638,1,2017
13502,14107,33502,30466,419,6689,638,1,2017
14107,13502,30466,33502,419,6689,638,1,2017
11292,14747,30325,30559,1024,6031,614,1,2017
14747,11292,30559,30325,1024,6031,614,1,2017
11097,11292,31097,30325,391,6904,675,1,2017
11292,11097,30325,31097,391,6904,675,1,2017
14107,11292,30466,30325,602,0A050,699,1,2017
10397,11109,30397,30189,1184,1260,694,1,2017
11109,10397,30189,30397,1184,1260,694,1,2017
11433,11292,31295,30325,1123,1260,694,1,2017
11292,11503,30325,31503,120,7041,631,1,2017
11503,11292,31503,30325,120,7041,631,1,2017
10849,11292,30849,30325,524,6700,629,1,2017
11109,12266,30189,31453,809,6700,631,1,2017
11292,10713,30325,30713,649,6700,629,1,2017
11292,10713,30325,30713,649,6700,673,1,2017
11292,11638,30325,31638,844,6700,631,1,2017
11292,12156,30325,32156,594,6700,629,1,2017
12156,11292,32156,30325,594,6700,629,1,2017
12266,11109,31453,30189,809,6700,631,1,2017
12519,11292,32519,30325,573,6700,629,1,2017
11292,12173,30325,32134,3365,0A875,627,1,2017
11884,11292,31884,30325,836,0A875,634,1,2017
12173,11292,32134,30325,3365,0A875,627,1,2017
12266,11292,31453,30325,862,0A875,887,1,2017
12278,11292,30928,30325,420,0A875,698,1,2017
12339,11292,32337,30325,977,0A875,634,1,2017
14747,11292,30559,30325,1024,0A875,634,1,2017
11292,10257,30325,30257,1610,6725,612,1,2017
11292,14893,30325,33192,909,6725,614,1,2017
14100,11292,34100,30325,1558,6725,612,1,2017
15304,11292,33195,30325,1506,6725,612,1,2017
11292,10693,30325,30693,1014,6003,677,1,2017
10423,11292,30423,30325,775,6460,699,1,2017
11042,11292,30647,30325,1201,6460,699,1,2017
11057,11292,31057,30325,1337,6460,698,1,2017
11066,11292,31066,30325,1154,6460,694,1,2017
11109,13204,30189,31454,1520,6460,698,1,2017
11109,14107,30189,30466,551,6460,698,1,2017
11292,10397,30325,30397,1199,6460,694,1,2017
11292,10397,30325,30397,1199,6460,698,1,2017
11292,10423,30325,30423,775,6460,699,1,2017
11292,11042,30325,30647,1201,6460,699,1,2017
11292,11057,30325,31057,1337,6460,698,1,2017
11292,11298,30325,30194,641,6460,698,1,2017
11292,12264,30325,30852,1452,6460,698,1,2017
11292,12889,30325,32211,628,6460,699,1,2017
11292,12953,30325,31703,1620,6460,694,1,2017
11292,13244,30325,33244,872,6460,699,1,2017
11292,13303,30325,32467,1709,6460,694,1,2017
11292,13495,30325,33495,1062,6460,694,1,2017
11292,13871,30325,33316,472,6460,694,1,2017
11292,14057,30325,34057,991,6460,699,1,2017
11292,14100,30325,34100,1558,6460,694,1,2017
11292,14100,30325,34100,1558,6460,698,1,2017
11292,14122,30325,30198,1290,6460,694,1,2017
11292,14679,30325,33570,853,6460,694,1,2017
11292,14747,30325,30559,1024,6460,699,1,2017
11292,14869,30325,34614,391,6460,699,1,2017
11292,15016,30325,31123,770,6460,699,1,2017
11292,15304,30325,33195,1506,6460,698,1,2017
11298,11292,30194,30325,641,6460,698,1,2017
12889,11292,32211,30325,628,6460,699,1,2017
12953,11292,31703,30325,1620,6460,694,1,2017
13204,11109,31454,30189,1520,6460,698,1,2017
13244,11292,33244,30325,872,6460,699,1,2017
13303,11292,32467,30325,1709,6460,694,1,2017
13495,11292,33495,30325,1062,6460,694,1,2017
13871,11292,33316,30325,472,6460,694,1,2017
14057,11292,34057,30325,991,6460,699,1,2017
14100,11292,34100,30325,1558,6460,694,1,2017
14100,11292,34100,30325,1558,6460,698,1,2017
14107,11109,30466,30189,551,6460,698,1,2017
14122,11292,30198,30325,1290,6460,694,1,2017
14679,11292,33570,30325,853,6460,699,1,2017
14747,11292,30559,30325,1024,6460,699,1,2017
14869,11292,34614,30325,391,6460,699,1,2017
15016,11292,31123,30325,770,6460,699,1,2017
15304,11292,33195,30325,1506,6460,698,1,2017
11292,11298,30325,30194,641,6830,694,1,2017
11292,12892,30325,32575,862,6830,698,1,2017
11292,13487,30325,31650,680,6830,694,1,2017
12892,11292,32575,30325,862,6830,698,1,2017
11292,14747,30325,30559,1024,6031,634,1,2017
14747,11292,30559,30325,1024,6031,634,1,2017
11292,12217,30325,30255,1048,6904,675,1,2017
12217,11292,30255,30325,1048,6904,675,1,2017
10620,11292,30620,30325,455,6700,673,1,2017
11292,10620,30325,30620,455,6700,673,1,2017
11292,10849,30325,30849,524,6700,629,1,2017
11292,14689,30325,34689,916,6700,673,1,2017
12278,11292,30928,30325,420,6700,629,1,2017
13930,11109,30977,30189,911,6700,673,1,2017
14689,11292,34689,30325,916,6700,673,1,2017
11292,12278,30325,30928,420,0A875,698,1,2017
11292,12953,30325,31703,1620,0A875,694,1,2017
11292,13204,30325,31454,1546,0A875,614,1,2017
11292,14107,30325,30466,602,0A875,694,1,2017
14107,11292,30466,30325,602,0A875,694,1,2017
14893,11292,33192,30325,909,0A875,634,1,2017
11292,11433,30325,31295,1123,6725,612,1,2017
10397,11292,30397,30325,1199,6460,698,1,2017
11292,14679,30325,33570,853,6460,699,1,2017
11292,14869,30325,34614,391,6460,694,1,2017
14679,11292,33570,30325,853,6460,694,1,2017
14869,11292,34614,30325,391,6460,694,1,2017
11292,14730,30325,33044,1024,6904,675,1,2017
14730,11292,33044,30325,1024,6904,675,1,2017
11292,14730,30325,33044,1024,6910,626,2,2017
11292,12478,30325,31703,1626,6673,699,1,2017
12478,11292,31703,30325,1626,6673,699,1,2017
11292,14869,30325,34614,391,1260,694,1,2017
14869,11292,34614,30325,391,1260,694,1,2017
10423,11292,30423,30325,775,7041,631,1,2017
11292,11193,30325,33105,1069,6700,631,1,2017
10721,11292,30721,30325,1754,0A875,694,1,2017
11042,11292,30647,30325,1201,0A875,634,1,2017
11292,14908,30325,32575,846,0A875,698,1,2017
11292,10423,30325,30423,775,6725,614,1,2017
11292,10721,30325,30721,1754,6725,614,1,2017
11292,11259,30325,30194,651,6725,614,1,2017
13891,11292,32575,30325,819,6725,612,1,2017
14100,11292,34100,30325,1558,6725,614,1,2017
14570,11292,34570,30325,804,6725,612,1,2017
11292,10599,30325,30599,1083,6003,677,1,2017
11292,13342,30325,33342,896,6460,698,1,2017
13342,11292,33342,30325,896,6460,698,1,2017
14730,11292,33044,30325,1024,6910,626,2,2017
11292,11775,30325,31775,483,6700,629,1,2017
12892,11109,32575,30189,834,6700,673,1,2017
10397,11292,30397,30325,1199,0A875,634,1,2017
13871,11292,33316,30325,472,0A875,698,1,2017
11292,10397,30325,30397,1199,6725,614,1,2017
13342,11292,33342,30325,896,6725,614,1,2017
15376,11292,30436,30325,639,6725,612,1,2017
12339,11292,32337,30325,977,6003,677,1,2017
11292,13198,30325,33198,533,6460,694,1,2017
13198,11292,33198,30325,533,6460,694,1,2017
13244,11292,33244,30325,872,6200,740,2,2017
11292,12992,30325,32600,771,6904,675,1,2017
11637,11292,31637,30325,627,6904,675,1,2017
11292,11298,30325,30194,641,0A050,614,1,2017
15376,11292,30436,30325,639,6700,629,1,2017
11292,13342,30325,33342,896,0A875,698,1,2017
11292,13930,30325,30977,888,0A875,694,1,2017
11298,11292,30194,30325,641,0A875,634,1,2017
11292,11697,30325,32467,1703,6725,614,1,2017
11433,11292,31295,30325,1123,6460,694,1,2017
11292,13029,30325,33029,423,6904,675,1,2017
11292,11433,30325,31295,1123,1260,888,1,2017
11292,14457,30325,34457,300,6700,629,1,2017
11986,11292,31986,30325,1015,6700,673,1,2017
11292,11298,30325,30194,641,0A875,694,1,2017
11292,11298,30325,30194,641,0A875,698,1,2017
12953,11292,31703,30325,1620,0A875,694,1,2017
13342,11292,33342,30325,896,0A875,698,1,2017
14679,11292,33570,30325,853,0A875,634,1,2017
14908,11292,32575,30325,846,0A875,698,1,2017
11292,10693,30325,30693,1014,6725,614,1,2017
11292,14100,30325,34100,1558,6725,614,1,2017
11433,11292,31295,30325,1123,6725,612,1,2017
11884,11292,31884,30325,836,6725,612,1,2017
12264,11292,30852,30325,1452,6725,614,1,2017
14057,11292,34057,30325,991,6725,614,1,2017
11292,11433,30325,31295,1123,6460,694,1,2017
11292,12339,30325,32337,977,6200,626,2,2017
12339,11292,32337,30325,977,6200,626,2,2017
10140,11292,30140,30325,349,6904,675,1,2017
11292,10140,30325,30140,349,6904,675,1,2017
11292,11540,30325,30615,563,6904,675,1,2017
11292,10397,30325,30397,1199,1260,888,1,2017
11267,11292,31267,30325,1085,7041,631,1,2017
11109,13930,30189,30977,911,6700,629,1,2017
11292,13158,30325,33158,563,6700,629,1,2017
11775,11292,31775,30325,483,6700,629,1,2017
15919,11292,31834,30325,616,6700,629,1,2017
11618,11292,31703,30325,1605,0A875,694,1,2017
11292,14771,30325,32457,967,6725,614,1,2017
11109,12266,30189,31453,809,6003,677,1,2017
11540,11292,30615,30325,563,6904,675,1,2017
14730,11292,33044,30325,1024,6910,691,2,2017
10397,11292,30397,30325,1199,1260,888,1,2017
11292,12478,30325,31703,1626,1260,698,1,2017
12478,11292,31703,30325,1626,1260,698,1,2017
14457,11292,34457,30325,300,7041,631,1,2017
13158,11292,33158,30325,563,6700,629,1,2017
10821,11292,30852,30325,1491,0A875,634,1,2017
11292,11298,30325,30194,641,0A875,634,1,2017
11292,11986,30325,31986,1015,0A875,698,1,2017
11292,13204,30325,31454,1546,0A875,694,1,2017
11292,13871,30325,33316,472,0A875,698,1,2017
11618,11292,31703,30325,1605,0A875,614,1,2017
13930,11292,30977,30325,888,0A875,694,1,2017
10713,11292,30713,30325,649,6725,612,1,2017
11292,11066,30325,31066,1154,6725,612,1,2017
11292,13204,30325,31454,1546,6725,612,1,2017
11292,15304,30325,33195,1506,6725,612,1,2017
13204,11292,31454,30325,1546,6725,614,1,2017
13367,11292,33367,30325,752,6904,675,1,2017
10627,11292,30627,30325,516,6700,629,1,2017
11292,10627,30325,30627,516,6700,629,1,2017
14771,11292,32457,30325,967,0A875,698,1,2017
11292,12953,30325,31703,1620,6725,612,1,2017
11292,14570,30325,34570,804,6725,612,1,2017
11292,14747,30325,30559,1024,6031,612,1,2017
13029,11292,33029,30325,423,6904,675,1,2017
11292,14057,30325,34057,991,6725,612,1,2017
14747,11292,30559,30325,1024,6031,612,1,2017
11292,10713,30325,30713,649,6725,612,1,2017
11423,11292,31423,30325,589,0A875,698,1,2017
11292,11423,30325,31423,589,0A875,698,1,2017
12892,11292,32575,30325,862,0A875,694,1,2017
15376,11292,30436,30325,639,6700,673,1,2017
11292,14534,30325,34534,296,6932,405,1,2017
11292,14679,30325,33570,853,0A875,698,1,2017
10713,11292,30713,30325,649,6700,673,1,2017
14457,11292,34457,30325,300,6700,629,1,2017
14679,11292,33570,30325,853,0A875,698,1,2017
11003,11292,31003,30325,692,0A875,698,1,2017
11292,11003,30325,31003,692,0A875,698,1,2017
11292,12441,30325,32441,406,0A875,694,1,2017
11292,12892,30325,32575,862,0A875,694,1,2017
11298,11292,30194,30325,641,0A875,698,1,2017
11648,11292,31648,30325,752,0A875,698,1,2017
12889,11292,32211,30325,628,6725,614,1,2017
15016,11292,31123,30325,770,6725,614,1,2017
14534,11292,34534,30325,296,6932,405,1,2017
14869,11292,34614,30325,391,1260,698,1,2017
11292,10800,30325,32575,850,6700,673,1,2017
11292,13851,30325,33851,495,6700,673,1,2017
11292,14457,30325,34457,300,6700,673,1,2017
11292,14869,30325,34614,391,6700,629,1,2017
13851,11292,33851,30325,495,6700,673,1,2017
11292,11648,30325,31648,752,0A875,698,1,2017
11292,14893,30325,33192,909,0A875,634,1,2017
10821,11292,30852,30325,1491,6725,612,1,2017
14747,11292,30559,30325,1024,6725,614,1,2017
11292,14747,30325,30559,1024,1260,608,1,2017
11292,14869,30325,34614,391,1260,698,1,2017
11292,13244,30325,33244,872,6700,673,1,2017
12441,11292,32441,30325,406,0A875,694,1,2017
14492,11292,34492,30325,1436,0A875,694,1,2017
14747,11292,30559,30325,1024,1260,608,1,2017
11292,10397,30325,30397,1199,7041,631,1,2017
11292,11433,30325,31295,1123,0A875,614,1,2017
11292,13204,30325,31454,1546,0A875,634,1,2017
11292,14679,30325,33570,853,0A875,634,1,2017
13487,11292,31650,30325,680,0A875,698,1,2017
11292,13342,30325,33342,896,6725,614,1,2017
11292,14679,30325,33570,853,6725,614,1,2017
11292,15016,30325,31123,770,7041,631,1,2017
14783,11292,34783,30325,637,6700,629,1,2017
11292,14492,30325,34492,1436,0A875,694,1,2017
11292,13930,30325,30977,888,6460,699,1,2017
13930,11292,30977,30325,888,6460,699,1,2017
11292,11423,30325,31423,589,6700,673,1,2017
11292,14831,30325,32457,948,6700,673,1,2017
14831,11292,32457,30325,948,6700,673,1,2017
11292,10721,30325,30721,1754,0A875,634,1,2017
11292,13930,30325,30977,888,0A875,634,1,2017
11433,11292,31295,30325,1123,0A875,614,1,2017
13485,11292,33485,30325,826,0A875,698,1,2017
15016,11292,31123,30325,770,6904,675,1,2017
11711,11292,31711,30325,289,6932,405,1,2017
12953,11292,31703,30325,1620,1260,694,1,2017
13486,11292,33486,30325,679,6700,629,1,2017
14489,11292,34489,30325,898,6700,673,1,2017
11292,11618,30325,31703,1605,0A875,694,1,2017
11292,13485,30325,33485,826,0A875,698,1,2017
11292,14100,30325,34100,1558,0A875,634,1,2017
11618,11292,31703,30325,1605,0A875,622,1,2017
13204,11292,31454,30325,1546,0A875,694,1,2017
11292,12892,30325,32575,862,6725,614,1,2017
12892,11292,32575,30325,862,6725,614,1,2017
11292,12339,30325,32337,977,6003,677,1,2017
11292,11711,30325,31711,289,6932,405,1,2017
11292,12478,30325,31703,1626,1260,614,1,2017
11433,11292,31295,30325,1123,1260,656,1,2017
12478,11292,31703,30325,1626,1260,614,1,2017
11292,15370,30325,34653,541,6700,629,1,2017
11042,11292,30647,30325,1201,0A875,614,1,2017
11292,11618,30325,31703,1605,0A875,622,1,2017
14122,11292,30198,30325,1290,6725,612,1,2017
11292,11433,30325,31295,1123,1260,656,1,2017
11292,12953,30325,31703,1620,1260,694,1,2017
11292,10423,30325,30423,775,7041,631,1,2017
11292,12441,30325,32441,406,7041,631,1,2017
12441,11292,32441,30325,406,7041,631,1,2017
10561,11292,30561,30325,845,6700,629,1,2017
11292,13486,30325,33486,679,6700,629,1,2017
11292,14489,30325,34489,898,6700,673,1,2017
13204,11292,31454,30325,1546,0A875,614,1,2017
14057,11292,34057,30325,991,0A875,634,1,2017
11618,11292,31703,30325,1605,6725,612,1,2017
12266,11109,31453,30189,809,6085,675,1,2017
11292,14120,30325,34120,385,6081,675,1,2017
11292,11413,30325,30285,250,6700,629,1,2017
11413,11292,30285,30325,250,6700,629,1,2017
13930,10372,30977,30372,1013,6700,631,1,2017
10299,11292,30299,30325,2405,0A875,614,1,2017
13796,11292,32457,30325,957,6725,614,1,2017
14120,11292,34120,30325,385,6081,675,1,2017
10372,13930,30372,30977,1013,6700,631,1,2017
14869,11292,34614,30325,391,6700,629,1,2017
14893,11292,33192,30325,909,6700,673,1,2017
12264,11292,30852,30325,1452,6725,612,1,2017
11292,14877,30325,34877,383,6932,461,1,2017
14877,11292,34877,30325,383,6932,461,1,2017
11292,12255,30325,32255,298,6700,629,1,2017
11292,12519,30325,32519,573,6700,629,1,2017
11292,12888,30325,32888,113,6700,629,1,2017
11292,14783,30325,34783,637,6700,629,1,2017
12255,11292,32255,30325,298,6700,629,1,2017
11292,12889,30325,32211,628,0A875,614,1,2017
14679,11292,33570,30325,853,0A875,614,1,2017
10693,11292,30693,30325,1014,6725,614,1,2017
15370,11292,34653,30325,541,6725,612,1,2017
11292,11315,30325,31315,488,6904,675,1,2017
11315,11292,31315,30325,488,6904,675,1,2017
10221,11292,30221,30325,180,1177,479,1,2017
10925,11292,30925,30325,221,1177,479,1,2017
10950,11292,30950,30325,277,1177,458,1,2017
11292,10221,30325,30221,180,1177,479,1,2017
11292,10925,30325,30925,221,1177,479,1,2017
11292,13200,30325,33200,218,1177,479,1,2017
11292,15582,30325,35582,259,1177,458,1,2017
13200,11292,33200,30325,218,1177,479,1,2017
15582,11292,35582,30325,259,1177,458,1,2017
11292,11267,30325,31267,1085,7041,631,1,2017
12888,11292,32888,30325,113,6700,629,1,2017
12992,11292,32600,30325,771,6700,629,1,2017
11292,10299,30325,30299,2405,0A875,614,1,2017
11292,11109,30325,30189,73,6003,677,1,2017
10279,11292,30279,30325,359,6904,675,1,2017
11292,10279,30325,30279,359,6904,675,1,2017
11109,12892,30189,32575,834,6700,629,1,2017
11292,14893,30325,33192,909,6700,673,1,2017
11292,14057,30325,34057,991,0A875,634,1,2017
12266,11292,31453,30325,862,0A875,634,1,2017
10397,11292,30397,30325,1199,6725,612,1,2017
11292,11884,30325,31884,836,6725,612,1,2017
11292,13495,30325,33495,1062,6725,612,1,2017
11292,14107,30325,30466,602,6460,698,1,2017
14107,11292,30466,30325,602,6460,698,1,2017
11292,10950,30325,30950,277,1177,458,1,2017
11292,13502,30325,33502,196,7041,631,1,2017
13502,11292,33502,30325,196,7041,631,1,2017
11292,13433,30325,33304,604,6700,629,1,2017
13433,11292,33304,30325,604,6700,629,1,2017
11292,14570,30325,34570,804,0A875,694,1,2017
12892,11292,32575,30325,862,0A875,614,1,2017
14570,11292,34570,30325,804,0A875,694,1,2017
14492,11292,34492,30325,1436,6725,612,1,2017
10397,11292,30397,30325,1199,1260,622,1,2017
11292,10561,30325,30561,845,6700,629,1,2017
11292,11865,30325,31865,313,6700,629,1,2017
11292,12992,30325,32600,771,6700,629,1,2017
11292,14543,30325,34543,260,6700,629,1,2017
11865,11292,31865,30325,313,6700,629,1,2017
13930,11109,30977,30189,911,6700,629,1,2017
14543,11292,34543,30325,260,6700,629,1,2017
14869,11109,34614,30189,411,6700,629,1,2017
10849,11292,30849,30325,524,0A875,614,1,2017
11292,10849,30325,30849,524,0A875,614,1,2017
11292,12892,30325,32575,862,0A875,614,1,2017
12889,11292,32211,30325,628,0A875,634,1,2017
11292,13891,30325,32575,819,6725,612,1,2017
11292,14492,30325,34492,1436,6725,612,1,2017
11292,15304,30325,33195,1506,6725,614,1,2017
13495,11292,33495,30325,1062,6725,612,1,2017
11292,14908,30325,32575,846,6460,694,1,2017
14908,11292,32575,30325,846,6460,694,1,2017
11292,12896,30325,32896,456,6904,675,1,2017
12896,11292,32896,30325,456,6904,675,1,2017
13486,11292,33486,30325,679,6904,675,1,2017
11092,11292,31092,30325,283,1177,479,1,2017
11292,11092,30325,31092,283,1177,479,1,2017
11109,14869,30189,34614,411,6700,629,1,2017
11292,12266,30325,31453,862,0A875,634,1,2017
11292,10721,30325,30721,1754,6725,612,1,2017
11292,15376,30325,30436,639,6725,612,1,2017
13487,11292,31650,30325,680,6460,698,1,2017
11292,13930,30325,30977,888,6830,694,1,2017
11122,11292,31122,30325,230,6904,675,1,2017
11292,13486,30325,33486,679,6904,675,1,2017
10721,11292,30721,30325,1754,6673,694,1,2017
11292,10721,30325,30721,1754,6673,694,1,2017
11292,14869,30325,34614,391,1260,608,1,2017
14869,11292,34614,30325,391,1260,608,1,2017
13198,11292,33198,30325,533,7041,631,1,2017
11292,11109,30325,30189,73,6700,673,1,2017
11292,14869,30325,34614,391,6700,638,1,2017
12892,10372,32575,30372,737,6700,631,1,2017
14869,11292,34614,30325,391,6700,638,1,2017
11292,14057,30325,34057,991,0A875,698,1,2017
12889,11292,32211,30325,628,0A875,614,1,2017
11292,15016,30325,31123,770,6725,614,1,2017
11292,15370,30325,34653,541,6725,612,1,2017
11292,13487,30325,31650,680,6460,698,1,2017
11292,11122,30325,31122,230,6904,675,1,2017
11292,15016,30325,31123,770,6904,675,1,2017
11292,13303,30325,32467,1709,0A050,614,1,2017
14100,11292,34100,30325,1558,0A050,614,1,2017
14252,11292,34252,30325,852,6700,629,1,2017
14794,11292,34794,30325,517,6700,629,1,2017
10620,11292,30620,30325,455,0A875,698,1,2017
11292,10620,30325,30620,455,0A875,698,1,2017
13930,11292,30977,30325,888,0A875,634,1,2017
11193,11292,33105,30325,1069,6460,694,1,2017
11292,12266,30325,31453,862,6460,699,1,2017
11292,13204,30325,31454,1546,6460,699,1,2017
12266,11292,31453,30325,862,6460,699,1,2017
12892,11292,32575,30325,862,6460,694,1,2017
11292,12889,30325,32211,628,6830,694,1,2017
13930,11292,30977,30325,888,6830,694,1,2017
11292,12389,30325,32389,576,6904,675,1,2017
12389,11292,32389,30325,576,6904,675,1,2017
11292,14107,30325,30466,602,0A050,614,1,2017
13303,11292,32467,30325,1709,0A050,614,1,2017
14107,11292,30466,30325,602,0A050,614,1,2017
10372,12892,30372,32575,737,6700,631,1,2017
11292,11540,30325,30615,563,6700,629,1,2017
11292,14252,30325,34252,852,6700,629,1,2017
11292,14794,30325,34794,517,6700,629,1,2017
11413,14107,30285,30466,353,6700,631,1,2017
11540,11292,30615,30325,563,6700,629,1,2017
11921,14107,31921,30466,438,6700,631,1,2017
14107,11413,30466,30285,353,6700,631,1,2017
14107,11921,30466,31921,438,6700,631,1,2017
10721,11292,30721,30325,1754,0A875,634,1,2017
11292,12889,30325,32211,628,0A875,634,1,2017
11292,11193,30325,33105,1069,6460,694,1,2017
11292,12889,30325,32211,628,6460,694,1,2017
11292,12892,30325,32575,862,6460,694,1,2017
11292,14771,30325,32457,967,6460,694,1,2017
12889,11292,32211,30325,628,6460,694,1,2017
13204,11292,31454,30325,1546,6460,699,1,2017
14771,11292,32457,30325,967,6460,694,1,2017
12889,11292,32211,30325,628,6830,694,1,2017
11292,14674,30325,34674,303,6904,675,1,2017
14674,11292,34674,30325,303,6904,675,1,2017
11292,14100,30325,34100,1558,0A050,699,1,2017
11066,11292,31066,30325,1154,6725,612,1,2017
11292,13796,30325,32457,957,6725,612,1,2017
11292,14747,30325,30559,1024,6725,612,1,2017
15016,11292,31123,30325,770,7041,631,1,2017
10721,11292,30721,30325,1754,6725,612,1,2017
11292,11122,30325,31122,230,7041,631,1,2017
11292,15376,30325,30436,639,6700,629,1,2017
11122,11292,31122,30325,230,7041,631,1,2017
15304,11292,33195,30325,1506,6725,614,1,2017
11921,11292,31921,30325,212,6904,675,1,2017
12953,11292,31703,30325,1620,0A875,634,1,2017
11292,11921,30325,31921,212,6904,675,1,2017
11292,11618,30325,31703,1605,0A875,614,1,2017
11292,12003,30325,31895,624,6700,629,1,2017
12003,11292,31895,30325,624,6700,629,1,2017
11292,12264,30325,30852,1452,0A875,634,1,2017
14057,11292,34057,30325,991,0A875,698,1,2017
12266,11292,31453,30325,862,0A875,614,1,2017
14107,11292,30466,30325,602,6725,614,1,2017
11292,11638,30325,31638,844,6700,629,1,2017
11292,11921,30325,31921,212,6700,629,1,2017
11921,11292,31921,30325,212,6700,629,1,2017
11292,14771,30325,32457,967,0A875,694,1,2017
11292,13487,30325,31650,680,0A875,698,1,2017
14771,11292,32457,30325,967,0A875,694,1,2017
11292,11618,30325,31703,1605,6725,612,1,2017
11292,14107,30325,30466,602,6725,614,1,2017
11292,13342,30325,33342,896,6725,612,1,2017
11292,10721,30325,30721,1754,0A875,614,1,2017
11292,14457,30325,34457,300,6904,675,1,2017
10627,11292,30627,30325,516,6904,675,1,2017
12191,11292,31453,30325,883,6725,612,1,2017
14679,11292,33570,30325,853,6725,614,1,2017
11292,10627,30325,30627,516,6904,675,1,2017
11292,13796,30325,32457,957,6725,614,1,2017
13851,11292,33851,30325,495,6725,612,1,2017
14869,11292,34614,30325,391,6003,677,1,2017
11292,12264,30325,30852,1452,6725,612,1,2017
14457,11292,34457,30325,300,6904,675,1,2017
11292,13851,30325,33851,495,6725,612,1,2017
11292,14057,30325,34057,991,6725,614,1,2017
14683,11292,33214,30325,794,6725,612,1,2017
11292,14747,30325,30559,1024,6725,614,1,2017
11637,11292,31637,30325,627,6700,629,1,2017
11292,12953,30325,31703,1620,0A875,614,1,2017
10272,11292,30272,30325,179,1177,479,1,2017
11292,14288,30325,34288,109,6932,405,1,2017
14288,11292,34288,30325,109,6932,405,1,2017
11292,10272,30325,30272,179,1177,479,1,2017
14057,11292,34057,30325,991,6725,612,1,2017
13342,11292,33342,30325,896,6725,612,1,2017
10140,11292,30140,30325,349,6725,612,1,2017
14747,11292,30559,30325,1024,6031,888,1,2017
11292,12266,30325,31453,862,0A875,614,1,2017
14908,11292,32575,30325,846,0A875,694,1,2017
11292,14747,30325,30559,1024,6031,888,1,2017
11292,14908,30325,32575,846,0A875,694,1,2017
11292,12892,30325,32575,862,0A875,634,1,2017
11278,11292,30852,30325,1476,6460,694,1,2017
12953,11292,31703,30325,1620,0A875,614,1,2017
14771,11292,32457,30325,967,0A875,634,1,2017
13930,11292,30977,30325,888,0A050,655,1,2017
11292,11637,30325,31637,627,6700,629,1,2017
11292,14771,30325,32457,967,0A875,634,1,2017
11292,11278,30325,30852,1476,6460,694,1,2017
11292,12191,30325,31453,883,6725,612,1,2017
11292,13930,30325,30977,888,0A050,655,1,2017
11292,14683,30325,33214,794,6725,612,1,2017
11292,12953,30325,31703,1620,0A875,634,1,2017
12892,11292,32575,30325,862,0A875,634,1,2017
12264,11292,30852,30325,1452,0A875,634,1,2017
11292,10140,30325,30140,349,6725,612,1,2017
11292,10800,30325,32575,850,6725,612,1,2017
11292,12339,30325,32337,977,6725,612,1,2017
10800,11292,32575,30325,850,6725,612,1,2017
12953,11292,31703,30325,1620,6725,612,1,2017
11292,13871,30325,33316,472,6725,612,1,2017
13871,11292,33316,30325,472,6725,612,1,2017
11292,12191,30325,31453,883,6725,614,1,2017
11292,10821,30325,30852,1491,6725,612,1,2017
10397,11292,30397,30325,1199,6725,614,1,2017
14869,11292,34614,30325,391,6700,673,1,2017
11292,11618,30325,31703,1605,0A875,634,1,2017
11921,14869,31921,34614,216,6700,629,1,2017
11292,15016,30325,31123,770,6725,612,1,2017
14869,11921,34614,31921,216,6700,629,1,2017
13204,11292,31454,30325,1546,6725,612,1,2017
11292,14771,30325,32457,967,1006,694,1,2017
14771,11292,32457,30325,967,1006,694,1,2017
11292,13204,30325,31454,1546,6725,614,1,2017
10693,11292,30693,30325,1014,6725,612,1,2017
12280,11292,32280,30325,458,6700,629,1,2017
14831,11292,32457,30325,948,6725,612,1,2017
11292,12892,30325,32575,862,0A050,698,1,2017
11292,12280,30325,32280,458,6700,629,1,2017
11292,10821,30325,30852,1491,6725,614,1,2017
11298,11921,30194,31921,773,6820,673,1,2017
11413,11298,30285,30194,674,6689,638,1,2017
11921,11298,31921,30194,773,6820,673,1,2017
12892,11292,32575,30325,862,0A050,698,1,2017
11298,11413,30194,30285,674,6689,638,1,2017
13796,11292,32457,30325,957,6725,612,1,2017
11109,11292,30189,30325,73,6700,673,1,2017
14747,11292,30559,30325,1024,0A875,694,1,2017
11292,13930,30325,30977,888,0A050,614,1,2017
13930,11292,30977,30325,888,0A050,614,1,2017
14747,11292,30559,30325,1024,6725,612,1,2017
12191,11292,31453,30325,883,6725,614,1,2017
11292,10693,30325,30693,1014,6725,612,1,2017
11292,14771,30325,32457,967,6725,612,1,2017
11292,10397,30325,30397,1199,6725,612,1,2017
14747,11292,30559,30325,1024,6700,673,1,2017
11618,11292,31703,30325,1605,0A875,634,1,2017
11292,14747,30325,30559,1024,6700,673,1,2017
11638,11292,31638,30325,844,6700,629,1,2017
11292,14771,30325,32457,967,0A875,614,1,2017
15016,11292,31123,30325,770,6725,612,1,2017
12339,11292,32337,30325,977,6725,612,1,2017
11292,14747,30325,30559,1024,0A875,694,1,2017
14679,11292,33570,30325,853,6725,612,1,2017
11292,10423,30325,30423,775,6725,612,1,2017
11292,14831,30325,32457,948,6725,612,1,2017
11292,14869,30325,34614,391,6700,673,1,2017
10423,11292,30423,30325,775,6725,612,1,2017
11413,11292,30285,30325,250,7041,631,1,2017
11292,11413,30325,30285,250,7041,631,1,2017
11292,14893,30325,33192,909,6725,612,1,2017
13232,11292,30977,30325,895,6725,612,1,2017
14771,11292,32457,30325,967,0A875,614,1,2017
14893,11292,33192,30325,909,6725,612,1,2017
11109,11298,30189,30194,592,0A050,655,1,2017
11298,11109,30194,30189,592,0A050,655,1,2017
11292,13232,30325,30977,895,6725,614,1,2017
14771,11292,32457,30325,967,6725,612,1,2017
10821,11292,30852,30325,1491,6725,614,1,2017
11109,11292,30189,30325,73,6700,629,1,2017
12266,11292,31453,30325,862,0A875,694,1,2017
11292,13487,30325,31650,680,6725,612,1,2017
11292,14679,30325,33570,853,6725,612,1,2017
13487,11292,31650,30325,680,6725,612,1,2017
11292,11109,30325,30189,73,6700,629,1,2017
12264,11292,30852,30325,1452,0A875,614,1,2017
12892,11292,32575,30325,862,6700,673,1,2017
11292,12892,30325,32575,862,6700,673,1,2017
11292,14908,30325,32575,846,6725,612,1,2017
14908,11292,32575,30325,846,6725,612,1,2017
10397,11292,30397,30325,1199,1260,656,1,2017
11292,14869,30325,34614,391,6725,612,1,2017
11292,13232,30325,30977,895,6725,612,1,2017
11292,10397,30325,30397,1199,1260,656,1,2017
11292,12264,30325,30852,1452,0A875,614,1,2017
11292,13487,30325,31650,680,1260,656,1,2017
13487,11292,31650,30325,680,1260,656,1,2017
13232,11292,30977,30325,895,6725,614,1,2017
11292,11259,30325,30194,651,6725,612,1,2017
14869,11292,34614,30325,391,6725,612,1,2017
11259,11292,30194,30325,651,6725,612,1,2017
11292,12266,30325,31453,862,0A875,694,1,2017
12892,11292,32575,30325,862,6725,612,1,2017
11292,12892,30325,32575,862,6725,612,1,2017
10372,11292,30372,30325,125,6700,631,1,2017
11292,10372,30325,30372,125,6700,631,1,2017
13198,11292,33198,30325,533,6725,612,1,2017
11057,11292,31057,30325,1337,0A050,699,1,2017
11292,11057,30325,31057,1337,0A050,699,1,2017
11292,13198,30325,33198,533,6725,612,1,2017
11292,14107,30325,30466,602,6725,612,1,2017
14107,11292,30466,30325,602,6725,612,1,2017
12889,11292,32211,30325,628,6725,612,1,2017
13930,11292,30977,30325,888,0A875,614,1,2017
11292,11298,30325,30194,641,0A050,699,1,2017
11292,13930,30325,30977,888,0A875,614,1,2017
11292,12889,30325,32211,628,6725,612,1,2017
11298,11292,30194,30325,641,0A050,699,1,2017
